Individu,GUI,SECTEUR,TAILLE,FONCTION,ANCIENNETE,AGE,SEX,SITUFAM,NBENFANT,NIVEAUETUDE,FORMATION,MHCB1,MHCC1,MHCB2,MHCC2,MHCB3,MHCC3,MHCC4,MHCC5,MHCB6,MHCC6,MHCB7,MHCB8,MHCB9,MHCC9,MHCB10,MHCC10,MHCB13,MHCC13,NE1,NE2,PE4,PE7,PEP,NE7,NE8,PE10,Force1,Force4,Force6,Force8,Force12,Force13,Force17,Force18,Force19,Force22,Force23,Force24,FQ1,FQ2,FQ3,Flux1,Flux2,Flux3,Flux4,Flux5,Flux6,Flux7,Flux8,Flux9
18,c70d45280de81, ,0, ,0,0,0,0,0,0, ,4,4,5,5,4,3,4,2,2,1,2,2,2,4,0,3,3,3,0,0,0,0,0,0,0,0,0,0,0,0,0,0,0,0,0,0,0,0,0,0,0,0,0,0,0,0,0,0,0,0
55,c7230e3f823d7, ,0, ,0,0,0,0,0,0, ,6,5,6,5,5,5,5,3,5,4,5,5,5,6,5,4,5,5,0,0,0,0,0,0,0,0,0,0,0,0,0,0,0,0,0,0,0,0,0,0,0,0,0,0,0,0,0,0,0,0
91,c72576524122, ,0, ,0,0,0,0,0,0, ,5,5,6,4,5,5,4,6,4,0,0,0,0,0,0,0,0,6,0,0,0,0,0,0,0,0,0,0,0,0,0,0,0,0,0,0,0,0,0,0,0,0,0,0,0,0,0,0,0,0
103,c726344452632, ,0, ,0,0,0,0,0,0, ,5,5,4,3,3,4,2,2,2,2,3,2,4,2,2,3,4,2,0,0,0,0,0,0,0,0,0,0,0,0,0,0,0,0,0,0,0,0,0,0,0,0,0,0,0,0,0,0,0,0
116,c7286d29b928, ,0, ,0,0,0,0,0,0, ,4,5,4,5,4,4,3,4,2,2,1,3,3,3,4,4,4,4,0,0,0,0,0,0,0,0,0,0,0,0,0,0,0,0,0,0,0,0,0,0,0,0,0,0,0,0,0,0,0,0
131,c729122647f52, ,0, ,0,0,0,0,0,0, ,4,2,4,5,6,3,1,1,1,1,1,0,5,4,4,2,0,6,0,0,0,0,0,0,0,0,0,0,0,0,0,0,0,0,0,0,0,0,0,0,0,0,0,0,0,0,0,0,0,0
168,c73361216c5dc, ,0, ,0,0,0,0,0,0, ,4,6,4,6,6,6,3,2,4,3,4,3,3,3,0,5,4,5,0,0,0,0,0,0,0,0,0,0,0,0,0,0,0,0,0,0,0,0,0,0,0,0,0,0,0,0,0,0,0,0
172,c735453c874cf, ,0, ,0,0,0,0,0,0, ,5,3,5,5,5,3,4,4,4,4,4,2,4,2,5,5,5,3,0,0,0,0,0,0,0,0,0,0,0,0,0,0,0,0,0,0,0,0,0,0,0,0,0,0,0,0,0,0,0,0
195,c736d4375029, ,0, ,0,0,0,0,0,0, ,2,4,2,5,2,4,6,3,1,2,1,1,2,4,6,6,3,6,0,0,0,0,0,0,0,0,0,0,0,0,0,0,0,0,0,0,0,0,0,0,0,0,0,0,0,0,0,0,0,0
218,c73d291864a8f, ,0, ,0,0,0,0,0,0, ,4,5,2,4,5,5,3,2,0,0,0,0,0,0,0,0,0,0,0,0,0,0,0,0,0,0,0,0,0,0,0,0,0,0,0,0,0,0,0,0,0,0,0,0,0,0,0,0,0,0
240,c743a11ae9582, ,0, ,0,0,0,0,0,0, ,2,2,1,3,1,2,1,2,1,1,1,1,1,1,2,4,1,1,0,0,0,0,0,0,0,0,0,0,0,0,0,0,0,0,0,0,0,0,0,0,0,0,0,0,0,0,0,0,0,0
241,c743a45e8c412, ,0, ,0,0,0,0,0,0, ,5,5,4,6,5,6,1,6,5,4,5,5,3,3,4,5,2,3,0,0,0,0,0,0,0,0,0,0,0,0,0,0,0,0,0,0,0,0,0,0,0,0,0,0,0,0,0,0,0,0
260,c74d941263562, ,0, ,0,0,0,0,0,0, ,3,4,4,5,2,4,1,2,1,1,3,1,3,3,3,4,2,1,0,0,0,0,0,0,0,0,0,0,0,0,0,0,0,0,0,0,0,0,0,0,0,0,0,0,0,0,0,0,0,0
307,c76b4de1c84c, ,0, ,0,0,0,0,0,0, ,4,5,4,5,4,4,3,1,2,3,1,3,3,3,3,3,3,3,0,0,0,0,0,0,0,0,0,0,0,0,0,0,0,0,0,0,0,0,0,0,0,0,0,0,0,0,0,0,0,0
338,c777621d389f2, ,0, ,0,0,0,0,0,0, ,3,1,3,2,1,1,5,2,1,1,2,4,3,2,3,3,4,3,0,0,0,0,0,0,0,0,0,0,0,0,0,0,0,0,0,0,0,0,0,0,0,0,0,0,0,0,0,0,0,0
340,c77c409502f9, ,0, ,0,0,0,0,0,0, ,2,2,2,2,2,2,1,1,1,1,2,3,2,2,5,2,4,3,0,0,0,0,0,0,0,0,0,0,0,0,0,0,0,0,0,0,0,0,0,0,0,0,0,0,0,0,0,0,0,0
346,c77f7338cda04, ,0, ,0,0,0,0,0,0, ,3,4,4,4,3,4,3,3,1,4,3,3,4,5,4,4,4,4,0,0,0,0,0,0,0,0,0,0,0,0,0,0,0,0,0,0,0,0,0,0,0,0,0,0,0,0,0,0,0,0
365,c77fd658cbc80, ,0, ,0,0,0,0,0,0, ,3,3,3,3,2,3,3,4,7,7,3,4,2,2,3,3,3,3,0,0,0,0,0,0,0,0,0,0,0,0,0,0,0,0,0,0,0,0,0,0,0,0,0,0,0,0,0,0,0,0
388,c782d37b8037, ,0, ,0,0,0,0,0,0, ,4,2,5,5,5,4,5,3,4,0,0,0,0,0,0,0,0,0,0,0,0,0,0,0,0,0,0,0,0,0,0,0,0,0,0,0,0,0,0,0,0,0,0,0,0,0,0,0,0,0
400,c786e1de34c6, ,0, ,0,0,0,0,0,0, ,2,3,2,3,2,3,4,3,2,2,3,2,3,1,2,2,3,3,0,0,0,0,0,0,0,0,0,0,0,0,0,0,0,0,0,0,0,0,0,0,0,0,0,0,0,0,0,0,0,0
452,c7a65721cf8c6, ,0, ,0,0,0,0,0,0, ,5,5,5,5,5,5,3,1,1,1,1,1,5,5,5,5,5,5,0,0,0,0,0,0,0,0,0,0,0,0,0,0,0,0,0,0,0,0,0,0,0,0,0,0,0,0,0,0,0,0
476,c7bd8c5896602, ,0, ,0,0,0,0,0,0, ,4,2,4,2,3,2,2,1,2,2,1,2,2,2,5,2,3,2,0,0,0,0,0,0,0,0,0,0,0,0,0,0,0,0,0,0,0,0,0,0,0,0,0,0,0,0,0,0,0,0
500,c8177310d2cb1, ,0, ,0,0,0,0,0,0, ,1,6,1,6,1,6,6,6,1,6,1,1,6,6,5,6,6,6,0,0,0,0,0,0,0,0,0,0,0,0,0,0,0,0,0,0,0,0,0,0,0,0,0,0,0,0,0,0,0,0
515,c82b55f73d76, ,0, ,0,0,0,0,0,0, ,3,4,7,0,0,0,0,0,0,0,0,0,0,0,0,0,0,0,0,0,0,0,0,0,0,0,0,0,0,0,0,0,0,0,0,0,0,0,0,0,0,0,0,0,0,0,0,0,0,0
20,c70daa1cc62e3, ,0, ,0,0,0,0,0,0, ,4,5,5,0,1,5,1,1,0,2,0,1,6,5,5,6,6,6,0,0,0,0,0,0,0,0,0,0,0,0,0,0,0,0,0,0,0,0,0,0,0,0,0,0,0,0,0,0,0,0
83,c7251f433fbaa, ,0, ,0,0,0,0,0,0, ,5,5,5,5,5,6,5,5,5,5,5,5,5,5,5,5,5,5,4,2,4,4,4,3,2,4,0,0,0,0,0,0,0,0,0,0,0,0,0,0,0,0,0,0,0,0,0,0,0,0
151,c72c265502d92, ,0, ,0,0,0,0,0,0, ,5,3,6,6,5,5,6,3,4,4,2,0,4,4,5,5,5,5,3,2,4,4,4,3,1,3,0,0,0,0,0,0,0,0,0,0,0,0,0,0,0,0,0,0,0,0,0,0,0,0
177,c7356f5742de, ,0, ,0,0,0,0,0,0, ,5,5,5,5,5,5,6,5,2,4,2,3,3,3,3,4,6,6,3,2,4,4,4,2,3,4,0,0,0,0,0,0,0,0,0,0,0,0,0,0,0,0,0,0,0,0,0,0,0,0
184,c735b612f44b9, ,0, ,0,0,0,0,0,0, ,2,1,2,4,2,2,3,6,1,6,3,1,6,6,1,5,5,6,4,1,3,4,2,3,3,3,0,0,0,0,0,0,0,0,0,0,0,0,0,0,0,0,0,0,0,0,0,0,0,0
190,c73665b71c, ,0, ,0,0,0,0,0,0, ,3,6,3,5,3,6,3,2,7,7,2,7,2,3,3,3,3,4,3,3,4,4,5,2,2,4,0,0,0,0,0,0,0,0,0,0,0,0,0,0,0,0,0,0,0,0,0,0,0,0
193,c7367e34fd105, ,0, ,0,0,0,0,0,0, ,4,6,4,6,4,6,6,6,6,6,6,7,7,7,3,4,6,6,4,1,6,6,6,3,2,0,0,0,0,0,0,0,0,0,0,0,0,0,0,0,0,0,0,0,0,0,0,0,0,0
198,c7370624543b7, ,0, ,0,0,0,0,0,0, ,5,5,4,5,4,4,3,3,3,3,2,3,4,3,3,4,4,3,3,2,3,4,3,3,2,3,0,0,0,0,0,0,0,0,0,0,0,0,0,0,0,0,0,0,0,0,0,0,0,0
206,c73bf14a79db7, ,0, ,0,0,0,0,0,0, ,5,3,4,4,5,4,4,4,3,3,2,4,3,4,4,4,3,4,3,1,6,5,4,2,1,4,0,0,0,0,0,0,0,0,0,0,0,0,0,0,0,0,0,0,0,0,0,0,0,0
226,c73df64ee301f, ,0, ,0,0,0,0,0,0, ,5,6,6,6,6,6,4,4,2,4,4,2,4,4,5,6,5,4,6,2,5,6,6,2,2,6,0,0,0,0,0,0,0,0,0,0,0,0,0,0,0,0,0,0,0,0,0,0,0,0
230,c73fd1237e9bf, ,0, ,0,0,0,0,0,0, ,2,3,2,5,2,3,4,3,3,3,3,2,3,6,4,6,4,5,6,4,5,4,4,4,1,4,0,0,0,0,0,0,0,0,0,0,0,0,0,0,0,0,0,0,0,0,0,0,0,0
246,c743b312897bd, ,0, ,0,0,0,0,0,0, ,5,4,4,5,3,4,4,3,2,3,2,2,6,5,3,4,3,4,4,2,4,4,4,3,2,3,0,0,0,0,0,0,0,0,0,0,0,0,0,0,0,0,0,0,0,0,0,0,0,0
258,c74cf94a891db, ,0, ,0,0,0,0,0,0, ,3,6,3,3,5,6,5,6,2,5,2,1,2,6,3,5,3,4,3,2,4,3,6,2,2,5,0,0,0,0,0,0,0,0,0,0,0,0,0,0,0,0,0,0,0,0,0,0,0,0
264,c74df9376adc0, ,0, ,0,0,0,0,0,0, ,2,4,2,4,2,3,2,5,1,2,2,4,4,4,3,4,4,4,3,1,2,4,3,4,2,3,0,0,0,0,0,0,0,0,0,0,0,0,0,0,0,0,0,0,0,0,0,0,0,0
303,c76a1c573b3cf, ,0, ,0,0,0,0,0,0, ,5,5,6,6,3,4,5,4,4,4,4,4,5,5,4,5,5,5,6,6,5,3,5,4,4,4,0,0,0,0,0,0,0,0,0,0,0,0,0,0,0,0,0,0,0,0,0,0,0,0
312,c76b8f52f46b8, ,0, ,0,0,0,0,0,0, ,4,3,4,4,4,3,3,6,1,2,1,1,4,4,6,6,3,5,5,2,3,4,4,4,4,2,0,0,0,0,0,0,0,0,0,0,0,0,0,0,0,0,0,0,0,0,0,0,0,0
345,c77e1c3e41ce3, ,0, ,0,0,0,0,0,0, ,6,6,6,6,5,6,5,5,4,6,5,5,5,5,5,5,5,5,2,1,0,0,0,0,0,0,0,0,0,0,0,0,0,0,0,0,0,0,0,0,0,0,0,0,0,0,0,0,0,0
349,c77f943377f6f, ,0, ,0,0,0,0,0,0, ,2,4,2,5,2,4,3,4,1,1,1,1,4,0,0,0,0,0,3,3,4,5,4,3,2,1,0,0,0,0,0,0,0,0,0,0,0,0,0,0,0,0,0,0,0,0,0,0,0,0
377,c7804c4f46309, ,0, ,0,0,0,0,0,0, ,6,6,6,6,6,0,3,4,2,2,4,2,4,3,6,6,4,4,3,1,4,5,4,2,2,4,0,0,0,0,0,0,0,0,0,0,0,0,0,0,0,0,0,0,0,0,0,0,0,0
394,c7834e518a07, ,0, ,0,0,0,0,0,0, ,5,6,5,5,5,5,4,3,3,3,4,3,5,4,5,4,5,5,3,3,4,3,4,3,2,4,0,0,0,0,0,0,0,0,0,0,0,0,0,0,0,0,0,0,0,0,0,0,0,0
396,c783c4f278c1, ,0, ,0,0,0,0,0,0, ,6,5,5,5,4,4,4,2,2,2,2,2,4,4,5,4,4,4,3,2,4,5,4,2,2,3,0,0,0,0,0,0,0,0,0,0,0,0,0,0,0,0,0,0,0,0,0,0,0,0
399,c784df3f2a809, ,0, ,0,0,0,0,0,0, ,4,6,4,6,4,6,4,6,0,0,3,3,4,4,4,4,3,4,4,3,3,5,3,2,2,4,0,0,0,0,0,0,0,0,0,0,0,0,0,0,0,0,0,0,0,0,0,0,0,0
455,c7ab351322125, ,0, ,0,0,0,0,0,0, ,4,5,5,4,3,3,3,3,3,3,3,3,3,2,2,2,4,4,2,2,5,2,3,2,3,2,0,0,0,0,0,0,0,0,0,0,0,0,0,0,0,0,0,0,0,0,0,0,0,0
464,c7b2004d2c514, ,0, ,0,0,0,0,0,0, ,4,5,5,5,3,5,2,1,7,7,5,0,2,2,4,4,2,4,4,2,2,4,3,2,2,5,0,0,0,0,0,0,0,0,0,0,0,0,0,0,0,0,0,0,0,0,0,0,0,0
491,c7f2981b6b0b1, ,0, ,0,0,0,0,0,0, ,4,2,3,2,3,2,2,2,1,1,2,2,5,3,5,6,3,3,6,3,3,2,2,5,5,2,0,0,0,0,0,0,0,0,0,0,0,0,0,0,0,0,0,0,0,0,0,0,0,0
109,c727994b44094, ,0, ,0,0,0,0,0,0, ,3,5,3,5,2,4,3,1,2,2,1,1,4,4,5,5,5,4,3,3,3,3,3,3,2,4,2,4,5,5,3,3,2,2,2,1,6,1,0,0,0,0,0,0,0,0,0,0,0,0
282,c764ed4efdb5e, ,0, ,0,0,0,0,0,0, ,6,6,5,6,4,6,2,3,3,1,2,2,2,2,3,3,4,3,1,1,2,6,3,1,1,3,3,4,5,6,3,3,6,6,4,5,3,1,0,0,0,0,0,0,0,0,0,0,0,0
329,c76f1f546a42a, ,0, ,0,0,0,0,0,0, ,5,3,6,5,6,4,6,6,5,5,4,4,5,5,6,6,6,6,3,1,5,5,4,3,2,5,4,5,6,6,5,5,5,5,6,5,5,6,0,0,0,0,0,0,0,0,0,0,0,0
434,c79bf13a84511, ,0, ,0,0,0,0,0,0, ,4,5,5,5,3,6,2,2,1,1,3,1,2,2,2,3,2,4,6,2,2,2,2,5,5,2,3,3,5,4,4,2,5,5,2,2,3,2,0,0,0,0,0,0,0,0,0,0,0,0
468,c7b2dd754d4c, ,0, ,0,0,0,0,0,0, ,2,2,4,3,1,1,1,3,5,3,5,5,4,5,5,5,4,6,2,1,4,2,6,2,3,3,5,5,4,5,6,6,6,6,5,6,6,5,0,0,0,0,0,0,0,0,0,0,0,0
473,c7b65f1565e7d, ,0, ,0,0,0,0,0,0, ,0,0,0,0,0,0,0,0,0,0,0,0,0,0,0,0,0,0,0,0,0,0,0,0,0,0,6,5,4,4,4,4,4,4,4,4,4,4,0,0,0,0,0,0,0,0,0,0,0,0
479,c7c63f23863d1, ,0, ,0,0,0,0,0,0, ,4,4,6,6,4,6,7,4,2,1,2,4,5,5,5,6,4,6,4,1,4,4,4,4,1,2,3,6,4,5,5,2,2,4,2,6,5,5,0,0,0,0,0,0,0,0,0,0,0,0
212,c73cb619a1479,assurances,5,coach interne,34,60,0,2,0,2,interne,3,5,2,5,2,5,5,6,1,6,2,1,5,6,6,5,5,6,2,1,3,4,5,4,3,4,5,4,5,5,5,5,6,5,4,5,6,6,4,4,6,4,5,5,5,4,4,5,6,6
171,c73531118db6b, ,0, ,0,0,0,0,0,0, ,6,6,4,6,5,6,5,3,3,3,3,5,4,4,5,5,5,5,2,1,3,6,5,1,1,6,2,4,6,5,6,6,4,5,3,3,3,3,3,2,6,0,0,0,0,0,0,0,0,0
337,c775b23d1c12e, ,0, ,0,0,0,0,0,0, ,3,5,4,6,0,5,5,4,2,7,3,2,4,4,4,6,4,4,5,3,5,5,0,3,4,5,3,3,0,0,0,0,0,0,0,0,0,0,0,0,0,0,0,0,0,0,0,0,0,0
278,c761f117c0a0b,Qualité Agroalimentaire / Formation,2,Ingénieur Qualité / Formatrice MFR,1,30,0,3,2,6,Ingénieur ISARA Lyon,4,5,6,6,3,6,4,6,2,3,2,2,4,4,4,4,5,5,4,2,3,5,4,3,2,4,4,4,5,4,6,4,5,6,3,4,6,2,0,0,0,3,2,3,3,4,3,3,4,3
149,c72bf44f09279, ,0, ,0,0,0,0,0,0, ,4,4,7,7,4,7,6,6,7,4,4,2,4,4,5,5,4,4,2,1,3,3,3,3,3,2,4,4,5,5,4,5,5,5,5,4,3,7,0,0,0,6,4,4,4,3,2,5,5,3
269,c751465de838f, ,0, ,0,0,0,0,0,0, ,5,6,4,5,5,5,2,2,5,4,4,2,4,4,6,5,5,5,2,1,5,5,5,1,0,5,4,5,6,5,5,5,5,4,4,6,6,6,5,1,5,7,5,5,2,5,5,5,5,5
482,c7d4364aaf435, ,0, ,0,0,0,0,0,0, ,0,0,0,0,0,0,0,0,0,0,0,0,0,0,0,0,0,0,0,0,0,0,0,0,0,0,0,0,0,0,0,0,0,0,0,0,0,0,0,0,0,0,0,0,0,0,0,0,0,0
220,c73d8c3242f96,Conseils et services aux entreprises,5,conseiller entreprise en webmarketing,10,37,0,3,1,6,Commerce international et économie européenne,4,4,4,2,3,5,4,4,3,5,2,2,5,6,6,5,4,5,2,1,3,3,5,1,1,4,3,5,4,6,4,4,3,3,4,5,4,3,3,3,4,3,5,4,4,3,3,4,6,6
405,c787673161e83,distribution,2,ADV et chargé de communication,3,31,0,3,0,3,BTS Action commercial,3,4,4,5,2,4,2,2,3,3,2,2,4,3,6,5,5,3,5,2,1,3,1,2,2,2,4,2,2,5,4,2,5,0,2,2,3,4,0,0,0,4,4,3,4,3,5,4,5,5
102,c72630151d6d2,social,5,assisatnte,1,40,0,2,2,3,BTS,4,4,5,4,4,4,5,2,2,2,2,3,3,3,3,3,3,3,3,1,4,4,3,3,2,4,3,4,4,4,6,6,6,5,6,5,5,6,0,0,0,2,3,3,4,4,5,5,4,3
462,c7afb034e25c6,Enseignement et recherche,5,Assistant Temporaire d'Enseignement et de Recherche,5,28,1,3,0,6,Gestion,4,6,4,6,4,6,5,5,3,5,3,3,3,4,3,3,4,5,3,1,4,5,5,3,2,5,5,5,5,5,5,4,3,4,4,4,5,1,5,3,4,2,2,2,5,4,4,2,3,3
363,c77fd55425988,Formation,1,Assistante de direction,3,34,0,3,0,2,Economique et social,3,6,3,5,3,4,2,3,1,2,3,2,4,4,4,4,4,6,4,2,4,5,5,3,1,4,3,5,5,4,4,6,5,3,3,5,5,3,4,5,4,4,5,5,3,2,3,6,6,6
106,c7266b10b446a,social,3,assistante sociale,25,48,0,2,2,4,diplôme d'assistante de service social,2,3,1,3,1,2,3,2,1,2,1,1,3,4,4,3,3,4,4,1,3,3,4,4,4,2,4,4,6,4,5,5,6,5,4,5,4,4,4,2,4,4,5,5,3,3,2,5,5,5
113,c728325ab7e09,Société en Informatique,5,Chargé d'affaires,3,39,1,3,2,5,Maitrise Informatique,4,4,4,5,4,4,2,2,1,1,3,1,3,4,4,4,4,4,3,1,4,3,4,3,1,3,4,4,5,2,4,2,2,2,2,2,4,1,5,2,5,2,3,4,4,3,2,4,4,5
132,c729202b60958,formation,1,chef d'enterprise,3,38,0,3,2,6,ingénieur agro alimentaire,5,5,6,4,5,6,6,4,1,2,2,3,6,6,6,6,6,5,5,2,6,6,6,2,2,5,4,4,6,6,4,6,2,5,5,5,3,6,5,5,6,6,4,6,5,1,5,6,6,5
143,c72b488677d5,Fonction publique territoriale,5,Chef du service juridique,1,34,0,1,0,5,Droit,4,6,4,6,2,3,1,4,1,6,3,2,3,4,2,4,4,4,4,1,5,4,4,4,2,5,6,6,4,2,3,2,4,4,4,6,3,5,4,1,2,1,2,5,5,2,5,3,5,2
178,c7356f5d7d693,ressources humaines,1,COACH,3,49,0,3,1,5,Desu 'pratiques du coaching',6,5,6,6,4,5,5,4,5,6,5,7,6,6,6,6,5,6,3,1,6,5,6,1,2,6,6,6,6,5,0,5,5,5,4,5,6,6,5,4,6,5,6,6,5,6,5,6,5,6
1,c70b024487cb0,services sociaux,3,Concepteur - Expert Informatique dans certaines technologies,10,41,1,3,0,4,Mathémathiques ( à l' IMA : Institut de Mathématiques Appliquée) et DUT Informatique générale,4,5,4,5,3,5,5,5,2,3,2,2,2,2,5,5,4,5,4,1,4,4,4,2,2,3,4,5,5,3,5,6,3,4,5,5,5,5,4,2,5,4,4,0,5,5,4,4,5,4
117,c72876394b82e,conseil en ressources humaines,5,consultant et relation entreprise,4,35,1,3,1,5,"langues, affaires et commerces",4,5,4,5,3,4,3,3,3,4,3,4,5,4,5,4,3,3,3,2,3,4,3,3,1,4,3,4,5,3,5,6,6,6,5,3,4,2,0,0,0,3,5,5,4,4,4,5,5,5
386,c7815b5199485,FORMATION CONSEIL COACHING,1,consultante formatrice coach,20,50,0,3,1,2, ,4,4,5,5,4,5,4,6,3,2,4,4,6,6,5,4,5,4,3,1,4,5,5,2,1,5,5,4,3,4,6,5,2,3,3,4,4,3,5,3,6,6,4,4,4,4,6,4,5,5
503,c81b7c579e6b9,SANTE,5,Consultante interne en organisation des soins,29,50,0,1,0,6,infirmière puis master II sociologie/psychosociologie,2,4,2,4,1,2,2,1,1,3,2,2,3,5,2,2,3,3,5,4,1,2,2,2,5,2,3,5,3,4,5,3,4,5,3,2,2,4,3,1,6,7,5,5,6,2,7,5,5,3
499,c817624f77c7e,TICE,2,Directeur Associé,2,67,1,2,0,3,Droit,6,5,6,6,6,5,6,3,1,1,2,2,6,4,6,4,6,6,5,2,6,5,6,2,1,3,6,6,6,6,6,6,6,6,6,6,6,1,0,0,0,6,6,5,5,1,6,5,5,6
481,c7d4144b3c682, ,0,"Directeur R&D, coach, consultant formateur",6,46,1,3,2,5,MSG (M1 sciences de getion),5,5,6,5,6,6,2,2,7,7,5,3,5,5,5,4,5,5,1,1,6,6,5,1,1,6,6,6,6,2,5,5,5,2,6,6,6,1,5,2,5,5,6,5,6,5,6,5,3,1
497,c814a757f6288,Industrie automobile,2,Direction,10,42,0,2,2,4,Comptabilité,2,5,2,5,2,5,3,4,1,3,1,1,3,4,2,6,4,4,4,2,2,3,3,3,3,2,5,3,3,3,2,2,5,2,2,3,4,2,3,1,4,2,4,3,4,1,2,3,5,4
369,c77fdf4cef483,communication,3,direction commerciale,6,0,0,3,0,5,master sciences economiques,2,6,2,3,4,5,2,2,1,2,3,2,2,2,4,5,6,6,3,2,2,4,3,3,2,3,5,6,6,6,5,6,5,5,3,4,3,1,5,2,4,2,6,6,4,4,5,6,6,6
122,c728b42eb342f,coopération internationale,2,directrice,16,39,0,3,2,6,relations internationales,5,5,5,4,5,6,4,6,3,3,2,3,4,3,4,4,4,4,4,2,4,4,4,4,2,3,4,3,2,5,4,4,2,3,2,4,2,2,4,2,6,6,5,6,5,4,4,5,5,5
233,c7405b22499e6,association conseil en création développement d'entreprise,2,directrice adjointe,2,32,0,1,0,5,Ecole de commerce et de développement,4,5,5,6,6,5,5,5,6,7,5,5,5,5,5,5,5,5,4,1,4,5,5,3,1,3,6,6,6,6,6,6,6,6,4,6,6,6,3,2,6,2,4,6,5,6,5,5,5,5
387,c7818457db749,service,1,dirigeant,8,48,0,3,1,4,littéraire,2,5,2,6,2,5,5,4,2,5,3,3,4,5,2,3,4,5,2,2,4,5,6,1,1,6,3,4,6,4,6,5,5,3,4,4,6,3,5,3,5,6,5,5,5,6,6,5,5,5
95,c725d822921a,aide à la personne,1,garde d'enfants,5,31,1,1,0,2,baccalauréat S,4,3,4,2,3,1,2,3,1,2,3,3,1,1,4,2,1,2,3,3,1,4,2,1,2,1,3,4,2,1,3,3,3,5,3,1,3,6,7,1,7,4,3,5,4,2,3,4,6,1
444,c79fdcf01667,hotellerie restauration,2,gerant,9,43,1,1,1,0,cap cuisine,6,5,6,6,6,6,6,1,6,6,6,6,6,6,6,6,6,6,2,1,6,6,6,1,1,6,6,6,6,6,6,6,6,6,6,6,6,1,0,0,0,6,6,6,6,6,6,5,6,6
181,c7358434edcf,CONSEIL,1,GERANTE,15,47,0,3,2,6, ,5,5,6,5,5,4,6,6,7,7,7,5,5,5,5,6,4,6,4,1,5,3,5,2,1,5,4,4,5,6,3,4,4,6,2,2,2,1,5,1,3,3,4,5,5,6,4,4,4,4
355,c77faf352335e,medical,1,medecin,1,56,1,3,0,6,medecin,2,3,2,4,2,4,3,3,1,1,1,1,2,3,3,3,3,4,4,1,2,2,4,3,2,2,2,3,2,2,1,3,3,2,2,3,2,1,4,1,4,2,4,4,1,1,1,4,4,4
85,c725312d6b329,INFORMATIQUE,2,OFFICE MANAGER,7,46,0,3,1,3,MARKETING,4,4,4,4,3,4,4,3,3,3,2,3,4,4,4,4,4,4,4,2,3,4,4,4,3,3,3,4,4,4,4,4,4,4,3,4,4,2,3,2,4,3,2,3,4,2,4,4,4,4
167,c73354126726c,agroalimerntaire,3,previsions des ventes/suivi commercial,16,38,0,2,1,2, ,4,7,4,4,3,3,4,5,7,7,2,3,3,5,4,4,3,6,4,3,3,3,3,3,2,3,5,3,6,5,7,4,4,3,2,4,4,4,0,0,0,7,2,4,5,5,7,5,4,4
416,c78a6a34b0c51,communication,2,psy,1,62,0,3,0,4,stylisme,5,4,4,4,5,4,5,1,4,1,4,3,2,3,4,4,3,4,3,3,3,3,4,3,2,4,5,3,6,2,5,4,5,6,5,5,3,5,6,1,4,5,5,5,5,5,5,5,5,4
157,c72e801e0a6e1,télémarketing,1,telemarketer,3,32,0,3,2,5,aes administration et gestion des entreprises,3,3,4,6,4,5,4,2,1,3,4,4,5,4,5,5,5,5,4,1,4,4,4,3,1,0,6,4,5,5,6,5,5,5,2,2,4,3,0,0,0,4,2,2,6,6,2,5,5,5
93,c725b22009996, ,0, ,1,0,0,0,0,0, ,0,0,0,0,0,0,0,0,0,0,0,0,0,0,0,0,0,0,0,0,0,0,0,0,0,0,0,0,0,0,0,0,0,0,0,0,0,0,0,0,0,0,0,0,0,0,0,0,0,0
96,c725f7485ffc2, ,0, ,1,0,0,0,0,0, ,0,0,0,0,0,0,0,0,0,0,0,0,0,0,0,0,0,0,0,0,0,0,0,0,0,0,0,0,0,0,0,0,0,0,0,0,0,0,0,0,0,0,0,0,0,0,0,0,0,0
136,c7299c4c345cb, ,0, ,1,0,0,0,0,0, ,0,0,0,0,0,0,0,0,0,0,0,0,0,0,0,0,0,0,0,0,0,0,0,0,0,0,0,0,0,0,0,0,0,0,0,0,0,0,0,0,0,0,0,0,0,0,0,0,0,0
381,c780c14243f58, ,0, ,1,0,0,0,0,0, ,0,0,0,0,0,0,0,0,0,0,0,0,0,0,0,0,0,0,0,0,0,0,0,0,0,0,0,0,0,0,0,0,0,0,0,0,0,0,0,0,0,0,0,0,0,0,0,0,0,0
486,c7dae0a852d3, ,0, ,1,0,0,0,0,0, ,0,0,0,0,0,0,0,0,0,0,0,0,0,0,0,0,0,0,0,0,0,0,0,0,0,0,0,0,0,0,0,0,0,0,0,0,0,0,0,0,0,0,0,0,0,0,0,0,0,0
70,c7248e583ad2a,COACHING/FORMATION/CONSEIL,1,Accompagnement à l'harmonisation personnelle et professionnelle,6,57,0,2,0,4,BTS DIRECTION BILINGUE ALLEMAND,4,4,4,4,3,3,5,3,4,3,3,3,4,4,5,5,5,5,2,1,4,4,5,2,3,3,4,4,6,6,5,6,3,5,4,5,4,6,5,3,6,1,5,4,6,4,2,4,4,5
511,c822043e6052b,Grande distribution,5,Achats,13,37,1,3,3,6,DESS Marketing,6,5,4,4,4,5,3,4,1,1,3,4,7,7,4,4,5,5,2,1,4,4,3,1,2,5,3,4,5,5,4,5,4,5,5,4,6,2,3,2,4,4,5,5,4,2,4,5,5,0
211,c73c9212bee3b,Administration - DDPP 49,3,Adjoint chef de service Santé et ¨Protection Animale,9,32,0,3,2,6,Ingénieur Agro Alimentaire,3,5,4,5,3,5,4,4,3,4,2,2,4,4,4,4,3,5,3,2,4,4,4,3,2,4,4,6,5,5,5,6,6,4,4,4,6,5,4,2,5,3,5,5,5,4,4,4,4,4
315,c76bb73b2c29b,Bijouterie,1,Agent Administratif,7,35,1,3,1,6,Administration d'entreprise,4,6,4,6,4,6,4,3,2,2,3,5,4,5,5,6,5,6,3,1,4,6,5,2,2,5,3,4,5,4,4,5,5,5,6,5,6,3,4,2,5,4,3,5,3,2,4,4,5,4
431,c7980c478a5ca,Transport / Tourisme,5,Agent Commercial,6,32,0,1,0,4,Informatique,4,5,4,5,3,4,3,4,2,4,2,2,5,6,5,5,5,6,3,1,3,4,4,3,1,3,5,4,6,5,3,4,6,3,3,5,4,2,3,2,4,4,5,4,4,4,5,5,6,6
197,c736f545df1da,agro alimentaire,4,animation des ventes,22,49,1,3,3,3,commercial,4,4,5,5,4,4,3,1,1,1,1,6,3,4,4,4,5,6,4,1,3,3,4,2,1,3,6,5,6,6,4,6,6,5,3,2,4,1,0,0,0,4,5,5,6,4,4,4,4,5
4,c70b4aae0bab,protection de l'environnement,1,animatrice,1,43,0,1,0,1,CAP Céramique/ BAFA,3,2,4,3,4,3,3,2,3,2,3,4,3,3,3,5,4,4,4,1,4,3,3,3,3,3,4,5,5,4,5,4,4,4,4,3,3,6,4,2,4,5,2,5,4,4,5,3,3,3
173,c7355018fd3f6,Transport maritime,5,Apprentie en organisation,1,23,0,3,0,5,Management,3,4,2,4,3,4,4,2,2,2,0,3,4,4,5,5,2,4,5,2,3,4,6,2,1,5,5,5,6,5,6,6,6,6,6,6,6,6,3,3,6,3,4,6,3,1,1,6,4,3
299,c7693156fe33f,Architecture,1,"Architecte, gérant de société",25,53,1,3,1,6,Architecte,4,5,5,6,4,5,5,5,1,1,3,2,5,5,5,4,6,6,4,2,3,4,4,2,1,4,4,4,5,4,5,4,5,2,5,3,6,4,4,2,5,5,6,6,5,2,2,6,3,5
415,c789ad52e158b, tertiaire,1,Assistant,1,20,1,1,0,2, ,5,5,5,6,5,5,5,6,5,5,5,5,6,6,5,4,6,6,3,2,5,6,6,2,2,5,5,5,5,4,6,5,5,4,5,6,6,2,5,4,6,5,5,5,5,3,2,5,4,4
407,c787754701086,Services aux entreprises,2,assistant de direction,5,46,1,1,0,4, ,3,2,3,2,2,2,2,3,2,2,1,2,4,5,5,2,4,5,3,1,3,4,3,3,1,3,6,3,3,3,3,3,6,3,6,2,6,1,0,0,0,1,3,5,6,6,6,4,4,2
101,c7262b55ae827,transport,2,assistant d'exploitation,1,32,1,1,0,2,assistant de direction,4,4,5,6,5,0,4,5,5,5,4,1,3,5,5,5,6,6,3,1,3,3,3,1,2,2,2,5,3,3,6,5,5,6,3,5,4,3,4,1,4,3,1,2,4,5,2,4,3,3
353,c77fae150689c,METALLURGIE,4,ASSISTANTE,16,53,0,3,0,3,DEUG B ANGLAIS,4,4,4,4,4,4,3,2,1,1,1,1,3,2,6,3,3,2,3,4,3,4,3,2,1,3,1,5,6,3,5,3,3,2,2,2,2,3,4,2,2,1,3,4,5,3,0,3,6,5
480,c7c9d2b0ab0d,ressources humaines,5,assistante,11,40,0,3,2,6,psychologie,7,4,4,4,7,4,3,4,2,2,3,4,3,4,3,4,4,4,4,2,4,5,5,2,2,4,2,4,3,4,3,7,6,5,3,4,3,1,4,2,5,1,5,5,5,2,4,4,4,4
59,c7244c56fe33e, ,2,assistante,1,34,0,3,0,3, ,2,4,3,4,2,4,3,5,2,3,1,2,3,3,3,4,3,3,5,3,2,3,2,3,3,1,3,2,4,4,3,1,4,2,2,2,2,2,4,2,4,3,2,2,4,3,1,3,4,4
331,c770071200279,Industrie,2,Assistante administrative,19,40,0,1,0,3,Littéraire,1,2,1,2,1,1,2,1,1,2,1,2,2,2,4,4,3,4,4,3,2,2,2,5,2,1,4,4,5,3,3,5,4,5,4,5,5,4,2,1,4,4,3,4,4,4,2,4,4,4
203,c7399836e5585,commerce de gros,2,assistante commerciale,4,45,0,3,2,4,science de l'éducation et formation pour adulte,2,6,1,5,1,5,5,6,1,4,1,2,2,5,4,5,2,4,5,4,2,3,2,4,4,2,4,6,6,5,4,4,6,4,4,4,4,6,4,3,4,6,2,3,3,3,2,3,5,4
490,c7ef0b1ed49be,BTP,5,ASSISTANTE CREDIT CLIENT,15,48,0,3,2,5,ACCUEIL,5,6,6,6,5,6,2,4,2,2,2,3,4,4,4,4,3,3,4,2,4,4,3,3,3,3,4,4,5,5,4,4,6,6,4,4,5,7,5,2,4,4,4,6,6,6,4,4,4,4
92,c725a534fd105,Social,1,Assistante Maternelle,1,38,0,3,2,2,Assistante de Direction,5,4,5,6,4,5,5,3,6,5,4,4,5,5,4,5,5,6,3,2,5,5,4,2,2,5,7,5,5,3,3,4,4,3,4,6,5,5,6,6,6,5,4,5,6,4,5,4,5,5
156,c72d2729ee8ef,fonctio publique,3,assistante sociale,16,55,0,3,0,4,DUT + diplome d'état,3,5,2,6,3,6,5,4,1,4,3,3,4,5,4,5,3,4,2,1,4,4,4,2,1,5,4,3,4,4,3,4,7,4,3,4,3,5,0,0,0,2,4,4,4,2,5,5,3,3
392,c783324614858,conseil,2,associe,4,42,1,3,3,6,DEC,4,5,6,6,5,4,2,4,2,3,3,4,4,4,6,6,3,5,2,1,6,6,3,1,1,6,4,5,6,4,4,3,4,2,3,5,5,1,2,2,5,3,5,5,5,2,2,4,5,5
422,c7941510642ad,"enseignement, recherche",3,ATER,3,28,0,3,0,6,Marketing,4,4,5,4,3,3,3,4,2,2,2,3,3,4,2,3,4,4,4,1,3,3,3,2,2,2,3,4,5,5,6,2,0,5,4,2,6,2,4,3,3,5,3,4,4,4,4,4,3,3
435,c79e4c13722e2,associatif,1,attachée de direction et communication,1,23,0,3,0,4,agriculture,6,5,6,6,6,6,4,2,3,4,0,2,5,5,5,5,4,6,3,1,5,6,5,2,2,5,5,5,4,5,4,5,3,5,3,6,6,3,6,3,4,5,6,5,5,5,5,5,5,4
502,c81b66ef9c57,Politique,1,Attachée parlementaire,1,29,0,1,0,6,Institut d'études politiques,3,1,3,2,1,1,1,1,1,1,2,2,2,1,5,2,5,3,6,4,1,1,0,6,4,2,2,3,4,4,6,4,3,4,6,2,4,1,4,2,6,5,6,5,1,2,4,5,5,5
272,c7570b54a74ba,service,1,auto entrepreneur,1,39,1,3,0,6,management school,4,5,4,5,4,4,3,1,1,1,1,4,2,2,2,2,5,6,3,1,2,5,5,3,4,5,5,5,6,4,4,6,6,3,6,4,5,6,4,2,3,3,3,3,4,1,2,4,2,2
15,c70cec8e18f4,Auto-Entrepreneur,1,Auto-entrepreneur,3,38,1,3,1,6,Enseignement Langues Etrangères,3,5,4,4,3,4,3,1,1,2,3,3,4,5,3,6,6,6,4,1,4,5,4,3,2,4,5,5,5,4,5,3,3,4,4,4,6,3,5,3,5,2,4,4,4,5,5,4,4,5
231,c7400b1fa29a4,petite enfance,1,auxiliaire puericultrice,10,35,0,2,2,2,bac,5,3,4,3,3,3,3,2,3,3,4,3,4,4,5,5,4,4,5,2,2,3,3,4,4,2,3,4,6,4,5,5,5,5,4,0,3,4,4,3,4,4,3,4,5,5,4,5,6,6
10,c70cba320d918,JURIDIQUE,1,AVOCAT,15,41,0,3,1,6,DROIT,3,3,4,4,2,3,0,2,1,1,1,2,3,3,4,3,4,4,4,1,3,3,4,4,1,2,2,5,5,0,3,5,5,5,4,4,5,1,0,0,0,1,6,6,6,6,6,5,4,4
31,c713d92f81414,"Connaissance de soi, expansion de conscience",1,Bateleur,12,58,1,3,1,5,Information - Communication,4,6,6,6,4,4,6,6,2,5,4,1,5,5,5,5,6,6,3,1,6,5,6,2,1,5,6,6,6,6,6,5,6,5,5,6,6,6,6,4,5,5,5,5,5,3,2,5,5,5
469,c7b2de275a9d9,finance,1,cadre,20,41,1,1,0,2,technologique: technique,6,6,6,6,4,6,3,5,4,4,5,4,6,5,5,5,6,6,3,2,5,6,5,2,1,5,5,4,6,4,3,5,4,2,3,6,6,5,5,4,6,2,4,5,6,4,4,5,5,5
23,c70df848f8929,santé,5,cadre,15,52,0,2,0,5,cadre santé,2,3,2,3,2,3,3,3,1,1,4,3,4,4,4,4,4,5,4,1,2,3,3,5,2,3,3,3,6,2,5,6,5,5,2,2,5,2,4,2,5,2,3,4,4,4,5,4,5,4
11,c70cc045b8f80,santé,5,cadre administratif,10,57,0,0,0,3,Assistante de direction,6,6,6,6,4,4,5,5,3,3,2,5,4,4,3,4,3,6,4,2,6,6,4,2,2,6,5,5,6,6,6,4,6,6,5,6,4,6,4,4,5,3,5,5,6,4,4,5,6,5
24,c70e0051c70f1,SANTE,1,Cadre de  santé,29,55,1,3,0,6,Psychologie,5,6,5,6,6,6,6,1,6,7,5,1,5,5,6,6,6,5,2,1,3,4,5,2,2,3,6,6,6,6,6,6,6,5,6,5,5,5,3,2,5,2,5,5,6,5,6,5,5,5
343,c77cfb4ea2286,Santé Centre Hospitalier,3,Cadre de santé,25,51,0,3,1,3,Infirmière,2,5,3,4,2,4,2,4,7,7,3,2,3,3,4,5,4,4,5,3,3,4,4,4,2,2,2,5,5,2,4,4,5,5,5,4,4,2,4,2,5,2,4,4,5,6,6,4,3,2
463,c7b1d8e4a4b8,santé,4,cadre supérieur,10,50,0,3,2,6,infirmière,2,5,2,4,1,4,2,4,1,3,2,1,0,0,3,3,4,4,4,3,2,2,2,4,3,2,2,3,2,3,4,3,4,5,3,3,2,1,3,1,4,2,1,2,6,6,6,2,3,2
281,c764e5503e252,enseignement,4,chargé de projet,1,40,0,3,2,6,géographie,3,3,3,3,3,3,3,3,2,3,3,3,3,2,3,4,3,3,5,2,2,3,3,1,2,3,3,4,4,3,4,4,5,4,0,0,5,3,3,3,3,2,4,3,2,3,2,3,3,3
339,c77c28496ed41,collectivité territoriale,5,chargé de relations,5,59,1,3,0,3,Directeur commercial,3,5,5,6,4,6,6,5,3,3,3,2,5,5,5,5,6,6,3,2,3,4,5,2,2,4,4,6,6,6,6,4,6,6,6,6,6,6,6,4,6,1,2,6,6,6,3,6,6,6
362,c77fd41248a23,services,5,chef de département,18,62,0,2,0,5,gestion,4,4,4,3,4,4,2,2,2,2,2,2,4,4,5,4,5,4,4,1,2,5,3,3,1,5,4,5,6,4,3,4,4,4,3,4,5,3,4,2,6,3,5,5,5,3,4,5,5,5
485,c7d8b515199c9,alimentaire,3,chef de production,10,39,1,3,1,4,CAP pâtissier chocolatier,3,5,4,4,2,3,3,2,4,4,2,5,4,5,5,5,4,4,2,2,4,5,4,2,2,3,2,4,6,5,5,5,5,6,4,4,5,2,0,0,0,5,5,6,4,2,5,6,4,5
69,c724894a948f6,Commerce de détails en décoration,1,Chef de projet,1,39,0,3,0,3,Histoire de l'art et communication,2,5,3,5,2,4,2,2,2,1,2,2,4,5,5,6,6,6,4,2,3,5,3,3,2,3,6,6,6,5,4,5,5,5,4,3,4,2,0,0,0,5,5,5,5,2,3,5,4,3
187,c735f61a1b599,Service informatique,5,chef de projet,5,45,1,2,1,5,INFORMATIQUE,3,3,4,4,4,3,2,2,1,2,3,3,4,4,3,5,5,4,3,1,3,3,2,4,1,3,2,5,4,3,3,4,4,2,4,6,5,6,4,3,2,2,4,4,2,2,2,3,4,4
175,c735631d258c5,SSII,5,chef de projet,8,33,0,3,0,6,Ingénieur en mécanique,2,5,4,6,2,5,3,4,1,2,2,2,5,5,5,5,5,5,4,1,5,5,3,2,2,3,5,4,4,6,5,5,5,2,5,6,4,1,5,3,4,3,2,5,2,3,4,3,3,4
286,c765773152a5f,Télécom,5,Chef de projet,11,46,1,3,2,6,Ingénieur électronique,2,5,3,5,2,5,3,3,1,7,2,1,4,4,5,5,4,4,2,1,4,4,4,1,1,3,5,5,6,5,4,6,5,2,4,4,5,6,3,2,4,2,3,4,2,2,4,4,5,5
44,c71ecd32a6280,INFORMATIQUE,2,CHEF DE PROJET - RELATION CLIENT,25,46,1,3,0,5,INFORMATIQUE,4,4,4,5,4,5,4,3,2,3,4,2,4,6,5,6,4,6,3,2,4,3,3,2,3,4,5,4,6,4,5,4,4,3,2,6,6,5,3,2,5,2,3,4,4,2,2,4,4,4
42,c71e80212f54c,Assistance,5,Chef de Projets,7,31,0,3,0,6,Ecole de Commerce - Marketing/Communication,3,4,3,4,3,4,2,4,3,4,1,2,2,4,4,4,4,4,4,3,3,3,2,3,3,2,4,4,3,2,2,4,5,4,4,3,4,5,0,0,0,3,5,5,5,4,2,4,4,4
232,c740242d4caf,environnement,2,Chef de projets,1,32,0,0,2,6,Ingénieur Agronome,4,6,4,5,4,6,3,2,2,3,3,2,2,5,4,5,2,5,4,2,4,6,4,2,2,4,4,4,5,3,3,4,3,3,3,5,4,3,3,2,3,4,4,4,3,2,2,4,3,4
159,c730235c81a41,Retraite,5,chef deprojet,2,40,0,2,1,1,technique,4,5,4,5,5,6,4,5,2,1,3,3,5,6,3,5,4,4,4,1,2,2,2,4,1,2,4,2,4,3,5,4,3,2,3,4,5,3,4,2,5,1,2,4,6,5,4,2,4,4
438,c79e9019de509,transport sanitaire,3,chef du personnel,15,39,0,3,3,1,seconde generale,5,6,5,6,5,6,4,5,3,5,0,3,3,3,0,5,4,6,3,1,2,4,5,2,1,5,5,6,6,6,5,6,6,5,5,5,4,6,5,2,6,6,2,3,6,5,6,5,5,5
81,c724d93436b31,coaching,1,coach,4,32,1,1,0,5,ecole de commerce,4,4,5,5,3,4,3,3,2,2,2,2,4,4,4,3,3,2,5,4,3,3,3,4,4,2,2,3,3,4,4,3,3,4,4,4,5,4,3,3,3,4,4,4,4,2,4,3,4,4
105,c7264c1eb246d,conseil,1,coach,30,62,0,3,2,6,psychologue,5,6,6,6,6,6,6,6,7,6,4,2,4,4,4,6,5,4,2,1,4,6,4,4,1,2,6,5,6,6,6,5,5,4,4,4,4,4,5,2,5,4,4,4,6,6,2,4,4,4
498,c814f253b327a,RH,1,COACH,1,40,0,3,0,6,DESS RH,4,5,5,4,3,4,4,2,4,4,3,2,4,4,5,4,3,3,3,2,3,4,3,4,4,3,4,4,5,2,4,3,5,4,6,3,3,5,4,2,3,4,3,3,4,4,4,4,3,2
344,c77d891646f90,commercial artistique,1,collecte résultats ventes hebdomadaires pour mise à jour,10,72,0,2,0,6,architecte-urbaniste,6,6,5,6,6,6,6,6,5,6,6,6,6,6,6,5,6,6,3,1,5,6,6,2,1,6,4,6,6,5,6,6,6,6,6,6,5,6,6,6,6,5,6,6,6,2,6,6,6,6
290,c768c42f44384,industriel,2,commercial,1,23,1,1,0,4,licence professionnelle,5,6,5,5,4,5,2,5,1,1,1,3,1,2,4,4,4,4,2,1,4,6,3,2,1,4,3,2,4,2,3,1,4,5,4,4,6,1,0,0,0,3,4,5,4,4,2,4,4,2
466,c7b2db3d0cd0a,service,2,commercial,1,28,0,3,0,4,marketing,5,6,6,5,5,6,2,6,2,2,2,2,5,5,5,5,6,6,3,1,6,5,5,2,1,5,5,4,6,4,5,2,5,4,4,6,6,1,0,0,0,2,5,6,6,6,2,6,4,4
224,c73db32c54b97,tertiaire,2,commercial,1,30,0,3,2,3,COMMERCE,5,4,5,5,3,3,3,3,3,3,4,4,3,3,5,6,4,5,4,1,3,4,2,3,1,1,3,4,3,6,5,4,4,6,4,3,3,2,4,3,4,4,4,4,4,3,4,4,4,3
88,c725392b64661,bureautique,3,commerciale,3,32,0,3,2,6,agroalimentaire,2,6,3,6,2,6,3,3,0,7,1,3,3,4,3,6,4,6,4,1,3,4,2,1,1,0,2,0,4,3,3,3,4,3,0,3,2,0,3,1,4,2,6,4,2,2,3,4,4,3
483,c7d59f1932a74,maritime,5,comptable,6,34,1,1,0,3, ,1,2,1,3,1,2,2,2,1,1,1,1,6,6,6,5,6,6,4,2,3,3,3,2,2,2,4,4,6,5,5,6,6,6,5,4,5,3,3,1,5,5,2,2,2,3,2,3,3,4
451,c7a4e61eb9e7f,Aéronautique,5,Conseil,1,49,1,2,1,6,Management et Qualité des Systèmes d'Information,1,3,1,2,1,2,2,1,1,1,2,2,2,3,5,5,2,6,5,3,1,2,4,4,4,2,2,6,6,5,0,7,6,4,2,1,2,4,5,1,6,6,5,5,4,1,1,3,2,3
86,c7253267f354,juridique et sociale,1,conseil,20,57,0,1,0,0,secrétariat,5,4,5,4,5,5,5,4,5,5,2,2,4,4,6,6,6,5,3,1,2,5,3,2,1,5,6,6,6,6,0,6,6,6,4,2,5,6,4,2,6,5,2,6,6,5,5,5,5,5
129,c728de2c602b2,conseil en entreprise,3,conseiller d'entreprise,6,33,0,3,2,6,gestion et marketing,6,6,4,5,4,5,4,4,7,6,4,3,3,4,3,4,4,5,2,2,2,4,3,1,2,2,2,4,4,2,4,4,3,2,1,4,6,3,3,2,3,3,3,3,4,4,3,3,3,3
418,c78b1233371d6,Conseil,1,Consultant,3,37,1,3,0,6,Ingénieur,4,5,6,6,5,5,4,6,5,5,5,4,4,4,4,4,5,5,3,2,4,6,4,3,3,4,6,4,4,3,5,2,2,2,2,5,3,6,5,4,5,5,4,4,6,6,6,5,5,4
470,c7b2e53147344,quantephi,2,consultant,2,63,1,3,0,1,commerciale,4,4,4,4,3,4,4,3,3,4,4,3,4,4,4,4,4,4,2,1,5,5,4,1,1,5,3,4,6,5,5,6,6,5,6,5,6,2,0,0,0,6,4,6,5,6,5,6,6,6
327,c76eb153077e5,RH,1,Consultant,2,52,1,1,0,6,Sciences de l'Education,3,5,3,4,3,5,5,5,1,4,3,2,4,4,3,4,4,5,2,1,4,4,3,2,2,5,4,3,5,5,4,3,1,5,3,5,4,6,3,2,4,1,4,5,5,4,3,4,3,2
252,c7477b3adc0df,Agriculture,3,Consultante,4,31,0,1,0,6,Ingénieur agronome,3,4,4,5,4,5,3,4,2,2,3,3,4,4,3,4,3,5,2,3,5,5,2,5,2,4,5,6,6,4,5,5,5,4,5,3,4,6,4,3,4,2,2,2,2,2,2,2,2,2
192,c7366d5896602,Conseil,3,consultante,1,32,0,3,0,6,MBA,2,6,4,6,2,4,1,1,1,2,2,5,4,2,2,4,2,4,5,4,2,1,1,5,1,2,4,6,6,3,4,4,1,5,6,6,5,4,2,2,2,1,4,3,6,6,4,2,2,2
456,c7abfc97a25d,Ressource humaine,1,Consultante,20,51,0,2,0,6,Science de l'homme et de la société - Stratégie et  Ingénierie de la Formation,6,6,6,6,5,5,6,5,6,2,5,1,5,5,6,6,6,6,2,1,6,6,5,2,1,5,6,6,6,5,5,6,5,4,6,6,6,6,0,0,0,7,5,5,5,5,7,6,6,6
297,c769001ebdb88,développement territorial,1,consultante chargée de mission,6,31,0,3,1,6,DESS Tourisme et valorisation des territoires,2,6,2,5,2,6,4,5,1,2,1,1,3,4,3,4,3,6,5,2,3,5,3,2,3,5,4,6,4,3,4,3,4,4,3,3,5,5,3,1,4,7,4,5,4,3,3,4,4,3
188,c73640429040c,formation,1,consultante formation,11,59,0,3,0,5,biologie,4,6,4,6,3,5,5,4,3,2,3,3,5,5,6,5,6,5,3,1,5,4,5,2,1,4,6,5,5,4,4,3,5,5,4,6,6,5,4,4,5,4,4,5,2,3,2,6,5,5
453,c7a8094e78323,services immobilier d'entreprise,2,Consultante QSE DD,1,41,0,3,2,6,Mastere QSE DD Mines Paris tech,4,4,3,4,4,3,4,3,2,2,2,2,3,3,5,5,6,6,4,3,2,2,3,4,4,2,4,6,6,6,5,6,0,6,5,4,4,4,4,4,4,4,4,4,4,3,4,3,4,4
71,c7248f5556c58,information,1,DAF,1,54,0,1,0,6,JURIDIQUE,6,4,5,3,5,3,4,3,3,3,3,4,4,3,5,5,6,5,4,3,4,4,4,3,3,4,6,6,4,4,4,3,4,5,4,5,4,4,5,3,5,6,5,4,6,6,6,5,4,4
336,c773f05167b10, ,1,DAF,3,44,0,3,2,2, ,4,4,4,4,4,3,2,2,4,2,3,4,2,3,3,4,2,3,3,2,3,4,3,2,2,2,2,2,4,4,3,4,4,6,5,4,0,7,2,1,1,1,5,5,3,1,3,4,6,2
347,c77f7a4cb60fd,Industrie,3,Designer,10,51,1,3,4,6,ingenieur,4,6,4,6,2,6,6,5,5,5,4,4,4,6,2,6,5,6,2,3,4,5,5,2,1,4,6,6,5,4,4,4,4,5,5,4,3,1,6,3,4,3,4,4,6,6,3,5,4,4
255,c74cac50738d0,Informatique,5,Développement / R&D / Support,5,28,1,3,1,6,Génie Industriel / Informatique,4,4,4,6,3,5,2,2,1,1,3,1,3,3,4,4,4,5,4,1,3,4,4,3,3,3,1,2,5,4,4,3,4,3,3,5,4,5,3,2,4,3,2,4,3,3,4,3,4,4
489,c7e8ee49e8e7,Informatique,3,Développeur,10,36,1,3,1,2,BAC C,2,5,3,4,2,4,2,3,1,1,1,1,2,3,5,5,6,5,5,1,2,5,4,1,1,5,5,2,6,3,4,5,3,1,1,1,6,1,1,1,2,1,6,2,2,5,1,2,5,6
126,c728bef9dcd9,création graphique,1,DG,20,49,0,3,3,4,Graphiste,6,6,5,6,5,6,2,5,1,1,2,4,4,2,6,6,2,5,1,1,4,5,2,1,1,4,5,2,2,4,2,5,3,1,1,4,5,1,5,1,5,1,5,5,1,1,1,5,5,5
302,c76a105132492,formation,1,diirecteur,22,47,1,3,2,3,tourisme communication radio,5,6,6,5,4,5,4,2,4,7,5,7,5,5,6,5,6,6,3,1,5,5,5,1,2,3,6,3,6,6,5,5,4,5,3,6,6,5,6,3,5,6,6,5,6,6,5,5,5,5
398,c7840a2f12a10,conseil communication,2,directeur,16,48,1,3,2,5,COMMUNICATION,3,4,4,5,7,5,4,2,1,1,1,2,4,3,5,5,6,6,4,1,3,4,4,4,1,2,6,6,5,4,6,5,4,3,5,3,5,3,0,0,0,5,4,6,5,4,3,5,5,6
492,c80d72649cd7,Service aux entreprises,2,Directeur,12,35,1,3,0,3,DUT HSE,5,5,6,6,5,5,2,4,1,2,4,2,4,5,4,4,5,6,4,2,3,4,4,2,2,3,3,4,4,5,4,4,4,5,4,4,4,2,3,3,5,4,5,5,5,5,3,4,5,6
99,c7261c2313cc2,Commerce,2,directeur commercial,8,38,1,1,1,3,étude générale,5,4,5,4,5,4,2,4,1,1,2,3,5,0,6,3,5,3,3,2,4,4,4,2,2,4,3,3,4,4,4,4,4,4,3,5,5,2,4,2,5,3,4,4,4,4,4,5,4,5
110,c727ab3f8daf1,industrie agroalimentaire,3,directeur commercila marketing,5,44,1,3,0,6,ingénieur,3,5,4,4,2,5,2,2,2,2,3,2,4,4,6,4,5,4,2,1,2,5,5,4,1,3,4,4,4,2,4,5,5,4,4,3,5,2,6,1,5,5,5,5,6,4,5,5,5,5
262,c74de4555a97,Grande consommation,5,Directeur deprojet,2,41,1,3,1,6,Ingénieur,4,6,6,6,6,6,3,2,2,3,3,3,5,6,6,4,6,6,2,2,4,6,6,2,2,4,4,5,5,6,3,5,3,2,5,5,6,1,6,3,5,2,5,6,5,3,5,5,3,3
441,c79f054ae0daa,industrie,3,directeur d'usine,20,52,1,3,3,6,ingenieur,5,4,4,5,4,5,3,3,2,2,2,4,4,3,5,5,5,3,4,1,3,4,5,2,1,4,3,4,5,3,1,6,6,3,5,4,4,5,5,1,6,4,5,4,5,2,5,6,5,5
313,c76ba735a4ea,enseignement et formation,2,directeur général,10,50,1,3,0,6,gestion finance,5,5,4,5,4,5,4,6,2,5,5,5,5,6,6,6,5,5,2,1,3,5,3,1,1,5,4,5,6,6,5,6,6,6,5,6,5,6,4,3,4,2,3,6,4,4,5,5,5,5
267,c751321ca3d93,luxe,5,directeur industriel,3,40,0,3,2,6,ingénieur,4,5,3,3,4,5,2,2,3,1,3,5,5,5,5,5,6,6,3,1,4,5,4,3,1,5,3,5,5,6,4,6,3,2,3,4,4,5,0,0,0,3,4,5,3,2,2,5,5,6
309,c76b5838444d,pret a portet,2,directeur informatique,4,30,1,3,0,6,ingénieur,2,5,3,5,3,5,5,5,3,4,2,2,2,3,3,3,2,3,2,1,1,3,3,1,1,2,2,5,5,2,4,3,6,6,4,4,5,1,0,0,0,1,1,4,6,6,5,5,5,5
98,c72618241ed38,BANQUE DIRECTION JURIDIQUE,5,Directeur juridique,12,59,1,2,2,5,sciences po - droit,0,2,4,2,2,2,1,2,1,2,1,1,4,2,1,1,3,4,6,3,1,2,2,4,4,2,3,4,5,2,6,3,6,3,0,4,4,4,0,0,0,2,3,2,2,2,2,0,5,6
254,c74b4828cca43,restauration,5,directeur regional,7,38,1,3,2,5,maitrise en ingenierie des pdts touristiques et hoteliers,4,6,4,5,5,5,4,6,4,4,3,4,4,4,4,4,4,4,2,1,4,5,5,1,1,4,2,5,6,5,4,5,4,3,5,4,4,2,0,0,0,5,4,5,5,4,5,4,5,5
436,c79e8b17fda9b,services,5,directeur régional,32,53,1,3,2,4,droit,4,5,5,5,5,5,4,6,5,2,4,5,4,4,5,5,5,6,2,1,4,4,5,2,1,5,4,5,5,5,5,5,5,4,5,5,5,2,0,0,0,6,6,5,5,1,2,5,4,5
423,c7949d2a7f845,formation,3,directrice,30,56,0,3,1,6,Ecole Supérieure de Comerce,5,5,5,5,5,5,7,5,7,7,3,3,4,4,5,5,3,3,2,1,3,4,3,3,1,3,3,4,5,3,4,3,5,4,5,3,5,3,4,1,4,5,5,4,6,5,5,4,5,5
170,c733afa35116,public,1,directrice,10,36,0,3,2,6,licence de psychologie,4,6,6,4,4,4,3,4,3,3,3,2,4,3,4,3,5,5,4,2,2,4,3,4,4,2,2,4,4,4,7,6,6,4,7,4,4,6,4,1,5,3,6,5,5,6,5,4,4,5
323,c76c9527eb930,communication,2,directrice,1,38,0,3,1,6,Droit,5,6,4,2,4,2,6,6,2,6,5,4,4,5,6,6,6,5,2,1,5,5,4,4,1,5,2,6,6,5,6,6,5,6,5,5,6,6,6,1,6,6,6,5,1,1,1,5,4,6
155,c72d0bfd7060,Etudes de marché,3,Directrice d'études,1,30,0,3,0,6,DESS statistiques appliquées à l'economie,4,6,6,6,4,5,2,3,1,1,1,3,2,0,3,4,2,6,5,2,3,5,3,2,4,4,4,5,4,4,6,2,4,4,4,4,6,5,4,1,3,4,2,3,6,6,1,4,5,4
324,c76cc9346479d,assurance,1,dirigeant,17,54,1,3,1,3,droit,3,3,4,5,3,5,5,3,2,2,1,2,4,4,3,3,5,5,5,1,3,2,3,2,2,2,2,2,4,3,2,6,5,3,2,2,5,1,3,2,3,2,2,5,6,4,4,3,5,5
310,c76b5e2b82ea9,EXPORT,1,DIRIGEANT,30,61,0,2,0,5,SCIENCES ECONOMIQUES ET LANGUES,2,4,2,4,2,4,4,5,2,4,2,3,4,4,4,4,3,4,3,1,3,0,3,4,3,2,3,4,4,4,5,4,4,5,5,4,5,5,0,0,0,3,4,4,4,3,6,4,4,3
53,c7230a4af7be0,Formation : en développement,1,Dirigeant,1,40,1,3,1,5,Marketing / communication,3,4,4,4,3,4,3,4,4,4,5,2,3,4,4,4,3,4,4,3,4,3,3,2,2,3,3,4,4,4,3,4,4,3,4,4,3,2,3,2,3,3,4,4,5,4,4,3,3,3
204,c73a565be90d8,internet,1,dirigeant,4,31,1,3,0,2,infographie,4,3,5,5,5,5,2,4,2,2,2,1,5,5,3,5,3,0,4,2,2,6,4,2,5,2,6,5,6,3,6,5,6,5,4,6,6,2,4,2,5,2,5,5,5,1,2,4,4,4
249,c743cc415b433,Ressources humaines,1,Dirigeant,5,40,1,3,0,6,RH,3,5,4,6,3,5,3,3,2,2,2,2,5,5,4,5,6,6,3,1,4,4,4,4,5,5,4,4,5,3,3,6,6,2,5,2,4,6,5,4,6,5,4,3,4,4,6,4,3,3
280,c7649e546e133,service,1,dirigeant,15,42,0,3,3,6,psychologie,5,6,5,6,4,5,3,4,4,4,5,5,6,6,5,5,4,4,6,4,5,6,5,2,2,5,5,4,3,5,2,2,2,2,2,6,5,3,5,2,6,3,1,5,5,5,3,5,4,5
443,c79fbe4583903,service,1,dirigeant,15,37,1,3,3,1,aucune,3,4,4,6,5,5,5,3,3,5,2,4,4,4,4,4,5,5,3,2,5,4,4,2,2,3,5,6,6,5,6,6,4,6,5,6,4,4,3,2,4,4,4,5,6,6,5,5,5,5
75,c724ad34c7a87,commerce,1,dirigeant commercial,12,33,1,3,1,2,droit eco empirique,3,5,5,5,3,5,6,3,1,3,2,2,5,5,4,4,6,6,4,1,3,5,3,2,4,3,3,5,3,3,5,4,5,6,4,5,6,6,5,2,5,5,5,5,4,2,4,5,4,3
488,c7db5b46f9674,conseil,1,Dirigeante,2,0,0,0,0,3, ,3,3,4,5,4,4,4,3,2,2,4,4,3,3,5,5,5,5,4,1,4,4,4,4,2,4,6,4,4,4,4,4,4,4,4,4,4,3,4,3,5,3,5,4,4,4,4,4,4,3
68,c7247d330587,tourisme,1,dirigente,5,57,0,1,0,6,Litterature/italien,4,5,4,5,5,5,2,2,1,1,2,7,3,4,4,3,4,4,4,1,4,3,2,2,1,4,2,3,5,2,3,4,4,4,4,5,2,4,3,1,4,7,4,3,2,1,3,4,5,6
457,c7ac5e336c854,enseignement supérieur,1,doctorant,2,27,0,3,0,6,sciences économiques,2,3,4,3,2,3,2,3,1,3,3,2,2,4,2,3,3,3,3,2,2,2,2,4,2,1,3,4,3,3,3,4,5,4,2,3,4,7,0,0,0,4,3,2,3,3,3,4,3,3
458,c7ac5f24b3998,Enseignement supérieur / recherche,0,Doctorant,1,23,0,3,0,6,Sciences de gestion,5,4,4,4,4,4,3,3,2,1,2,2,4,3,3,6,2,4,4,1,2,4,4,3,1,2,3,3,6,2,4,3,5,4,2,3,6,2,3,2,4,3,3,3,4,2,2,3,2,2
460,c7acbe435a6e9,Recherche - Enseignement,3,Doctorant - Moniteur,3,27,1,1,0,6,Economie et Gestion,3,3,3,6,2,5,1,5,2,3,1,1,2,4,3,4,2,5,4,2,2,3,6,5,2,2,2,6,3,6,4,4,5,5,5,6,6,1,4,1,5,2,2,2,4,1,1,1,1,1
428,c7973591ac7c,Enseignement - Recherche,2,Doctorante,3,25,0,3,0,6,Master Sciences de Gestion,3,5,4,6,3,5,5,5,1,3,2,1,3,4,3,4,3,4,4,1,3,4,3,3,3,2,4,4,5,4,5,4,5,4,3,3,5,1,4,2,4,3,1,3,5,5,3,3,2,2
427,c7971e2715f38,Informatique,4,DRH,7,40,0,3,3,6,RH,6,6,5,5,5,6,2,2,4,5,4,5,4,4,5,6,5,5,5,2,4,5,5,1,3,5,3,3,6,3,5,6,4,4,2,6,3,6,3,2,4,3,6,6,2,3,4,5,5,6
424,c7959b1d942ca,mettalurgie,5,DRH,3,38,0,3,0,5,DROIT / GRH,5,5,5,5,5,5,4,4,2,2,4,4,3,4,5,5,4,4,2,1,4,4,4,2,1,4,4,5,6,5,5,6,5,5,4,6,6,6,0,0,0,1,6,6,6,6,6,3,4,5
25,c70ec629df4ca,social,3,éducateur spécialisé,7,36,1,3,0,4,éducation,7,7,7,7,7,7,7,7,7,7,7,7,7,7,7,7,7,7,3,2,7,5,7,2,1,7,7,7,0,7,7,7,7,7,7,7,7,7,7,7,7,7,7,7,7,7,7,7,7,7
289,c768c34b88b36,MENUISSERIE,1,employer,2,27,0,3,0,3,BEP,5,5,4,5,4,5,4,4,3,3,3,3,4,4,4,4,3,4,3,1,2,4,3,3,3,4,4,4,4,4,3,2,5,3,2,4,5,2,3,2,4,2,1,4,4,4,3,4,5,5
268,c751402706b14,transports,2,encadrement adm / rh,18,50,0,2,1,4, ,1,6,1,5,1,6,4,5,1,5,1,1,6,6,6,6,6,5,2,1,4,5,5,1,2,5,5,4,4,6,2,5,6,6,5,6,5,3,6,1,6,2,6,6,6,6,6,6,6,6
459,c7ac631362ebe,enseignement,4,enseignant,5,30,1,1,0,6,comptabilité,5,5,5,5,5,4,3,2,7,7,2,4,7,7,5,4,7,7,4,2,4,4,3,3,2,2,4,3,3,5,5,5,5,3,3,4,6,3,0,0,0,4,2,2,5,4,4,3,3,5
419,c78ea3301da86,Recherche/Enseignement Supérieur,3,Enseignant Chercheur,1,35,1,3,1,6,Economie,3,5,4,6,5,5,3,4,2,4,3,3,4,4,5,5,4,6,4,2,5,5,4,2,1,4,3,5,4,5,5,4,3,4,2,4,4,2,5,4,5,4,5,5,4,3,3,4,4,5
384,c780f158c7f78,Université,3,Enseignant-Chercheur,7,42,0,3,2,6,Sciences de l'environnement,3,3,4,3,3,3,3,2,3,2,2,1,4,3,3,4,6,6,4,1,2,3,5,2,2,2,6,6,6,3,4,5,2,3,1,2,2,2,5,3,5,2,2,2,5,6,4,4,1,3
153,c72c634dd42a0,Education Nationale,3,enseignante,33,55,0,2,0,6,CAPES d'anglais + maîtrise,2,4,2,4,1,4,3,3,1,3,3,2,2,3,4,4,2,3,4,2,2,3,2,3,4,3,3,4,3,5,4,5,6,5,5,4,3,5,2,2,3,3,3,3,5,5,4,2,4,4
318,c76bf9408d44d,université publique,3,enseignante,1,31,0,3,0,6,GESTION,1,2,1,2,1,2,3,2,2,2,2,1,3,3,3,2,1,3,5,4,1,2,1,5,6,2,1,3,6,2,5,4,5,5,2,2,4,2,0,0,0,2,3,3,3,3,3,3,2,1
164,c732bb51d280c, ,0,ergothérapeute en reconversion professionnelle,7,29,0,2,0,4,santé/ergotherapie,7,5,7,6,7,5,3,3,7,5,7,7,7,6,7,3,7,4,4,1,4,0,4,2,1,0,5,5,6,4,3,4,0,3,3,4,6,5,7,0,0,2,7,7,7,7,7,7,7,7
513,c828b213e49f0,Formation,2,formatrice,1,36,0,3,0,6,Management des entreprises,4,3,4,3,3,3,2,3,1,2,4,2,4,3,3,4,3,2,5,4,3,2,3,4,2,3,3,3,3,4,3,3,3,3,2,3,2,4,4,2,3,2,2,2,5,4,1,3,4,2
454,c7a9414f36ee5,rh,5,formatrice,3,43,0,2,1,4,tech de co et management,5,7,4,7,3,7,3,2,7,7,4,5,3,3,6,5,3,3,3,1,3,2,3,4,3,3,2,4,6,4,3,5,5,3,2,3,2,1,2,3,3,2,4,4,4,5,4,4,5,5
317,c76bf64891937,gestion du stress,1,formatrice consultante,15,45,0,2,2,6,gestion du stress,6,6,6,6,6,6,6,6,6,6,6,7,6,6,5,5,6,6,2,1,6,6,6,2,2,6,5,6,6,6,6,6,6,6,5,6,6,6,6,6,6,5,5,6,6,6,6,5,5,5
94,c725b83919eb9,développement personnel,1,formatrice -thérapeute,5,50,0,3,1,4,Animation socio culturelle,5,6,6,6,4,6,4,2,4,3,4,0,6,5,6,6,5,5,2,1,4,4,4,2,2,4,4,4,5,4,6,4,4,3,3,4,6,6,5,2,5,3,5,4,4,3,4,5,4,3
45,c71ee97fcad9,HOTELLERIE,2,FRONT OFFICE MANAGER,15,48,1,3,0,4, ,4,4,2,4,3,3,1,1,1,1,1,2,3,4,4,4,4,4,3,1,3,4,3,3,2,4,3,5,5,5,5,5,6,6,6,4,6,1,3,1,3,5,4,6,5,3,5,5,6,6
46,c71eee10140ef,nettoyage industriel,2,GERANT,2,36,1,3,2,6,SUP DE CO,5,6,5,6,4,5,5,4,3,2,4,3,4,2,4,4,3,4,4,3,5,3,3,4,4,3,2,4,4,5,4,4,4,4,3,6,6,4,5,4,5,1,5,5,4,1,1,5,5,5
108,c727694e9a874,restoration,1,gerant,4,44,1,0,2,2,maintenance informatique,3,5,2,3,2,3,2,2,1,2,1,2,4,5,2,5,3,3,2,1,2,3,3,4,2,2,2,3,6,5,6,2,2,5,3,5,6,1,2,2,6,3,2,6,6,5,3,4,5,3
36,c71aed585d27b,Conseils et accompagnement,1,Gérant,10,34,1,1,0,3,ESC Master adulte communication/Marketing option Finance,4,2,6,2,5,2,6,6,6,2,5,1,5,5,5,4,6,6,3,1,6,6,6,2,2,5,6,5,6,6,6,6,6,5,5,6,6,6,6,6,6,6,5,5,6,6,1,6,5,5
58,c724472590da2,immobilier,1,gerant independant,1,47,1,3,2,3,BTS COMMERCE INTERNATIONAL,5,4,4,5,4,4,2,2,4,4,4,3,4,5,5,3,4,4,3,2,3,4,3,1,1,4,3,4,3,4,3,4,6,3,2,4,4,2,3,3,4,4,5,6,5,5,5,4,5,5
140,c72b2c5c486ba,SERVICES AUX ENTREPRISES,1,GERANTE,3,35,0,3,2,5,"MAITRISE A.E.S., OPTION RH",3,5,5,5,6,6,1,3,1,3,1,2,4,4,4,4,4,4,4,1,4,5,4,1,3,2,4,3,2,2,3,2,4,5,2,5,4,5,5,2,4,6,5,5,5,6,5,5,5,6
275,c758351ed49be,restauration,1,gérante,5,43,0,3,0,3,commerce export,5,5,5,5,4,4,5,4,3,3,4,2,3,3,5,3,3,4,2,1,4,4,3,3,2,4,4,3,5,4,4,4,4,5,3,5,3,4,4,3,5,7,4,5,5,6,5,5,5,3
235,c740a62eb342f,optique,1,gerante eurl,30,55,0,3,1,6,opticienne + etudes commerciales,5,5,5,5,4,4,3,4,1,1,4,1,6,6,6,6,6,6,2,1,5,6,6,2,2,5,6,6,6,6,5,6,5,5,5,6,6,6,6,1,6,4,6,6,6,6,6,6,5,6
104,c726404bd12e1,informatique,3,gestion de projet,13,36,0,1,0,5,ingénieur d'étude,4,4,5,3,5,3,3,3,3,3,4,4,4,4,4,4,0,5,4,3,3,4,4,3,3,4,2,3,4,4,0,3,3,3,2,2,5,3,3,1,3,4,4,4,6,5,4,3,5,4
215,c73cf21afc6ac,Assurances,3,Gestionnaire Informatique,7,31,1,3,0,4,Informatique,3,6,4,5,1,5,4,6,2,2,2,2,5,5,6,6,6,6,5,4,4,4,6,3,2,3,5,6,6,5,6,5,4,5,4,6,6,5,6,3,6,3,3,5,6,6,5,5,6,5
145,c72b682e3d018,restauration,5,gestionnaire paie,15,40,0,3,3,4,sociologie,3,6,3,6,4,6,4,4,3,4,3,3,5,5,4,6,4,4,3,1,2,4,4,1,1,3,3,3,5,4,4,3,4,4,4,5,4,3,4,1,1,2,5,5,4,2,5,5,5,5
125,c728bd3e73657,presse,4,graphiste web,22,47,1,3,2,4,graphiste,3,5,3,5,3,5,2,5,2,3,2,2,4,5,5,5,4,5,4,2,3,4,4,2,2,4,5,4,4,3,4,4,3,4,3,4,4,1,4,2,4,4,4,4,2,2,2,4,4,5
163,c732bb3d6c2eb,Bien-Être,1,Hypnothérapeute,1,41,0,1,1,2,Secrétariat médico-social,6,5,6,6,6,6,6,4,5,2,0,5,6,5,5,3,6,6,2,1,6,6,6,2,3,5,6,6,6,4,6,6,6,5,5,6,6,6,6,4,6,6,6,6,6,6,6,6,6,6
60,c7245625b32f3,aSSURANCES,1,Indépendant,20,41,1,3,5,4,Courtier d'Assurances (Chef d'Entreprise),3,5,4,5,5,5,5,4,2,4,3,2,4,4,4,4,4,4,3,1,3,4,4,3,1,5,2,4,6,4,5,4,5,5,5,4,5,1,4,2,4,4,4,5,4,5,3,4,5,5
199,c7370a318bde6,Santé,1,Indépendant,1,48,1,3,3,6,Université + Ingénieur - Informatique,5,5,5,5,5,5,5,5,5,5,4,3,5,5,5,5,5,5,2,1,4,3,3,3,3,4,5,5,5,4,5,5,5,5,3,5,5,6,5,5,5,7,4,4,6,5,4,4,4,3
63,c7246b4bfef4d,immobilier,1,indépendante,5,32,0,3,0,5,sur le tas,3,4,4,4,2,4,4,1,1,1,2,3,5,5,4,4,3,5,5,1,3,3,4,4,4,2,2,3,6,5,4,2,6,5,5,5,5,6,4,2,4,1,3,4,4,4,4,4,4,5
7,c70c8b2f8cb30,Ressources Humaines,1,Indépendante,2,43,0,3,3,5,"LEA, RH, management",5,5,5,4,4,5,4,5,2,2,4,5,5,4,6,5,5,5,4,1,3,3,4,2,1,4,4,4,5,6,5,5,5,5,5,5,4,1,6,3,6,6,6,6,6,5,5,6,5,5
135,c7298a3703dcd,medical,3,infirmier,10,37,1,3,2,3,infirmier,4,6,5,6,4,6,2,3,3,3,4,6,4,4,5,6,5,6,4,2,3,5,5,1,2,3,3,4,4,6,3,5,3,4,2,3,5,4,4,2,3,2,3,4,3,3,5,3,4,3
97,c7261621ee10e,sante,5,infirmiere anesthesiste,1,39,0,1,0,4,SANTE INFIRMIERE,4,5,3,4,4,4,3,3,3,4,2,3,4,4,3,3,3,4,3,3,3,3,3,3,3,3,4,4,3,3,4,4,4,4,3,3,4,4,3,2,3,2,2,3,3,3,3,3,3,3
120,c728975139ea4,informatique,5,ingénieur analyste,4,27,1,1,0,6,Informatique / Génie informatique,2,3,2,3,2,2,2,3,2,2,2,2,2,2,2,2,2,3,4,3,2,2,2,5,3,1,1,2,2,2,5,5,4,5,2,2,5,2,3,1,2,2,3,2,2,4,4,2,3,2
165,c732d3daa13e,electronique,5,ingenieur developpement,5,28,1,1,0,6,ingenieur en microelectronique,2,3,3,4,3,3,2,3,2,3,3,3,4,3,5,4,3,3,3,1,3,4,3,3,2,4,2,3,5,4,4,3,4,3,6,2,5,2,3,2,3,5,6,4,3,3,3,4,5,5
242,c743a54112c88,Informatique,5,Ingenieur developpeur,11,37,1,3,2,6,Electronique,1,3,1,4,1,5,1,1,1,1,1,1,2,3,3,4,2,4,4,1,2,4,3,2,2,3,3,6,2,3,3,3,3,4,2,4,6,1,2,2,2,1,2,3,4,2,3,2,2,3
442,c79fa45932c73,Informatique,5,Ingénieur Informaticien,21,41,0,2,2,3,BTS Informatique de Gestion,4,3,3,3,4,3,2,3,2,3,2,2,3,2,3,4,4,6,3,2,2,3,1,4,1,3,4,4,4,4,4,6,6,2,4,4,6,1,0,0,0,5,6,6,5,4,1,5,5,4
402,c787253293153,SOCIAL,3,INTERVENANTE A DOMICILE,4,35,0,3,2,4,ART THERAPEUTE,7,5,7,5,7,4,3,1,7,4,7,7,7,3,7,4,7,4,4,1,3,5,4,4,1,3,4,3,6,3,5,4,6,5,4,3,2,6,7,7,7,7,7,7,7,7,7,7,7,7
332,c7701f3532783,juridique,2,juriste,28,59,0,2,0,6,droit,2,3,2,0,2,2,3,4,1,1,2,3,4,5,5,6,2,2,4,1,3,3,2,3,3,2,3,3,4,4,5,4,3,0,3,3,0,4,0,0,0,3,5,6,6,5,5,4,6,5
13,c70cc93a066e7,enseignement supérieur recherche,5,levée de fonds,3,32,0,3,0,6,neurosciences,3,5,4,2,3,2,4,1,1,1,2,4,2,2,2,2,3,4,6,1,2,2,4,3,2,2,0,6,6,5,6,2,3,1,2,2,4,1,0,0,0,2,3,2,2,1,1,1,2,2
328,c76ef7102af26,Medical,1,liberal,24,52,1,2,1,3,Masseur Kinesitherapeute,5,3,4,2,2,2,3,1,7,1,5,2,3,3,3,5,3,2,4,4,3,2,3,5,4,3,3,3,2,4,3,2,3,4,3,4,3,6,6,2,6,5,6,4,5,6,5,4,4,3
465,c7b2da48d26d0,Conseil,0,manager,1,38,1,3,3,5,Management Commercial,5,5,6,5,5,6,5,6,4,4,4,4,4,4,5,5,6,6,2,1,5,6,5,2,2,4,5,5,6,4,4,5,5,4,4,4,5,5,5,3,6,6,5,5,4,1,1,6,6,5
8,c70ca5568f93a,transport,5,manager,35,57,1,3,1,3,iut transport,4,5,5,5,4,5,4,4,4,5,2,2,4,4,6,5,5,6,3,2,3,4,4,2,2,4,6,4,6,6,6,6,6,6,6,5,5,4,0,4,5,2,5,5,6,1,5,5,6,6
508,c8202252f09af,assurance maladie,4,manager de proximité,5,41,0,3,3,6,MAE,1,2,2,2,2,2,2,3,1,1,2,1,3,3,3,3,4,4,3,4,3,2,2,6,6,1,2,4,2,4,4,5,6,5,5,2,2,4,2,1,3,1,3,3,3,4,6,3,4,3
205,c73acb1375feb,associatif,2,mandataire judiciaire à la protection des majeurs,11,54,0,2,0,4,DE conseillère économie sociale et familiale,4,5,5,5,5,4,2,3,2,3,2,3,5,3,5,3,3,6,4,3,2,3,3,4,3,2,4,3,4,4,6,5,3,4,3,2,5,1,3,2,5,7,5,5,5,4,6,4,5,3
354,c77fae1f11a4d,santé,5,medecin,19,31,0,1,0,6,medecine,5,5,5,5,4,4,3,3,2,2,2,2,3,3,3,0,3,4,3,2,2,3,3,2,2,4,3,4,3,3,3,3,3,3,3,4,4,2,4,2,3,2,4,3,3,3,5,4,5,4
189,c736605ab03f7,Développement personnel,2,Office Manager,30,57,0,3,0,1, ,5,2,5,2,5,4,4,1,4,4,6,4,4,3,4,4,6,4,3,1,6,4,4,2,1,5,4,4,4,3,4,5,4,3,4,5,6,6,0,0,0,4,3,3,4,4,4,3,3,5
478,c7bf215434dab,banque et assurances,5,organisateur,10,40,0,1,0,4,COMMERCE,3,5,3,5,3,5,2,5,1,1,2,2,3,4,3,4,5,6,3,1,3,4,3,2,1,3,3,3,3,3,3,2,4,2,2,4,2,2,2,2,2,2,3,4,5,3,3,4,3,3
67,c7247c8ddbec,Maintenance Moteurs et Transmissions,3,pdg,1,49,1,3,1,6,ingenieur BTP,4,6,5,6,6,6,3,4,3,4,3,3,5,5,4,4,5,5,4,1,2,4,5,3,1,2,5,5,4,3,3,3,4,5,6,6,3,2,5,2,4,1,3,5,5,5,2,3,4,3
160,c7309f3753f8a,1/3 tps officine -1/3 tps coaching individuel,1,pharmacien (30ans) -  coach (2ans),2,57,0,2,0,6,pharmacie,4,3,4,3,4,4,3,1,1,1,4,7,5,4,6,3,5,4,2,1,2,4,4,2,3,4,5,6,6,3,4,6,4,4,6,5,5,6,4,1,6,1,4,5,5,5,6,5,5,5
3,c70b484dae046,associatif,1,président,4,66,1,2,0,6,scientifique,5,5,6,6,6,5,5,4,5,5,5,2,5,5,3,4,4,5,2,0,6,5,4,2,2,5,3,5,5,3,4,5,5,5,5,6,5,6,4,1,1,1,5,5,1,1,1,5,4,4
52,c7230a21d72d7,Bâtiment,2,Présidente,5,49,0,2,2,2, ,6,5,6,6,6,5,6,5,6,6,5,3,5,5,5,5,6,6,3,2,5,5,5,2,2,4,4,5,6,5,6,6,5,5,5,6,5,5,0,0,0,2,2,5,6,6,3,4,4,3
166,c7333b2fe8408,Electronique,5,Product Sales Manager,4,33,1,3,0,6,Ingenieur,2,5,4,3,3,5,4,3,3,4,3,2,3,4,4,4,4,3,4,2,4,3,3,3,3,2,4,5,4,5,4,4,0,5,3,4,3,2,4,3,4,5,1,3,6,5,5,4,3,4
29,c7134d51b3fc4,éducation,3,professeur,9,42,0,3,1,6,philosophie,2,2,5,6,3,3,4,1,1,2,1,2,3,4,6,5,6,5,5,3,3,2,3,3,1,1,6,5,5,5,3,5,4,2,5,2,4,5,3,4,5,2,2,5,6,6,3,5,4,4
185,c735cd2ff3b23,Enseignement,2,Professeur,1,25,0,1,0,6,Langues : Anglais,4,3,4,4,3,3,6,1,1,2,2,1,2,3,3,3,5,5,3,2,4,4,3,3,4,3,5,4,4,4,3,2,1,3,2,3,3,3,0,0,0,2,4,4,5,4,4,4,4,3
300,c76932324e6b0,éducation,2,professeur des écoles,15,38,0,3,3,6,littérature/ pédagogie,4,6,4,5,4,6,5,3,2,5,3,2,3,3,4,3,3,3,2,1,3,4,3,2,1,5,3,5,5,6,7,5,6,6,3,5,6,7,3,2,5,4,4,4,1,1,4,5,6,5
202,c739463d0cd0a,soins,1,psychologue,5,34,0,1,0,6,psychologie clinique,5,5,6,5,3,4,5,5,3,3,4,2,4,3,3,5,5,5,3,2,3,4,4,3,3,3,4,6,6,5,5,5,5,5,5,5,5,6,6,5,6,6,5,5,6,3,3,5,5,4
40,c71e1f3c241e5,psychothérapie,1,psychothérapeute,10,57,0,3,0,5,Anglais- Psychologie,6,4,6,3,4,4,6,2,6,4,5,2,5,5,6,5,6,6,4,1,6,6,5,1,3,4,4,6,6,5,4,5,6,5,4,6,6,6,6,6,6,6,6,6,6,6,6,6,6,6
57,c7244038575ee,conseil general protection de l'enfance,1,puericultrice,8,35,0,2,2,4,infirmière-puericultrice,4,4,4,5,3,3,5,5,3,3,3,2,4,5,5,5,5,4,3,1,4,4,4,2,2,4,3,4,4,3,4,5,4,4,2,2,3,3,4,3,3,7,3,2,3,3,3,2,3,2
33,c714c31d389f2,Droit,2,Receptionniste,1,27,0,3,0,3,Communications,5,6,4,4,4,4,4,4,4,4,5,5,6,6,6,6,5,6,2,2,5,5,5,2,1,4,3,6,6,5,5,6,6,5,3,4,6,2,4,2,4,4,4,6,5,4,2,4,6,6
379,c7806020338fa,édition,1,rédactrice,2,29,0,1,0,5,psychologie,1,4,3,4,4,4,1,1,1,1,1,2,2,2,4,3,3,4,4,2,1,3,2,4,1,2,5,4,5,5,5,5,5,4,3,2,0,1,4,1,5,5,4,5,4,4,1,5,4,4
30,c713c61d295ce,Télécom,5,Responbsable Partenariats,5,38,0,3,0,5,Ecole de Commerce,3,4,2,2,1,1,1,1,1,1,1,1,3,3,4,4,2,4,3,1,3,3,3,2,2,3,1,3,6,6,4,3,5,5,2,3,5,4,0,0,0,1,2,4,4,4,4,2,3,2
118,c72884114cdd2,COACHING,1,RESPONSABLE,1,46,0,3,1,3,COMMERCIALE,5,5,6,6,5,5,5,6,3,0,5,3,5,4,4,4,4,5,3,2,4,5,5,2,2,4,4,5,6,6,4,5,6,3,4,5,6,6,6,3,6,6,5,6,6,6,6,5,5,5
191,c7366924c6ac5,Télécommunications,5,Responsable Approvisionnement,4,39,1,3,2,6,ESC (Commerce Internationnal),3,3,2,6,3,4,4,5,2,5,6,3,5,5,6,5,6,6,4,1,4,4,4,3,2,4,2,5,4,4,4,5,5,3,3,5,5,6,2,4,5,4,6,5,4,3,3,5,5,6
48,c71f17197b21f,TIC,3,responsable communication,4,44,1,3,0,5,licence en traduction,5,6,6,4,5,5,5,6,3,4,3,4,5,4,6,5,5,4,5,1,6,5,6,1,1,5,6,5,4,6,6,5,3,6,6,6,6,2,6,2,6,7,5,4,1,1,1,6,4,5
234,c7409327c19cd,enquetes sondages,3,responsable de bureau,10,62,0,1,0,5,sciences politiques sociologie,7,4,7,3,7,2,4,3,7,4,7,7,7,3,7,4,7,4,4,2,4,4,3,4,3,4,3,3,3,2,5,7,5,2,2,5,3,5,7,7,7,7,7,7,7,7,7,7,7,7
227,c73f518e9307,Santé au travail,3,Responsable de projets,14,39,0,2,1,6,Ecole de management,3,3,2,3,2,3,2,3,1,2,2,2,3,3,3,6,3,4,3,1,2,4,3,4,2,2,4,5,6,2,5,4,4,5,4,3,6,4,3,2,3,5,2,3,2,2,5,4,3,2
35,c7187d300a958,pétrochimie,5,responsable de recrutement,30,60,1,0,0,1, ,3,3,3,4,3,5,4,2,2,4,2,3,5,3,5,5,5,6,4,2,3,3,3,2,1,3,3,4,5,6,3,5,4,6,4,6,2,2,5,2,5,2,4,4,5,5,4,4,6,5
152,c72c43bcd3d9,RESTAURATION,2,RESPONSABLE DE SITE,4,33,1,3,1,3,RESTAURATION,4,5,3,5,1,3,2,3,1,2,1,2,5,5,5,5,6,6,3,1,5,5,5,1,1,4,5,5,5,6,5,5,4,5,5,6,6,1,5,2,4,3,5,5,3,3,3,5,5,6
49,c71f8f3043ce0,grande distribution,4,responsable departement,1,40,0,3,1,1, ,4,4,2,2,4,4,2,1,7,1,1,1,4,2,6,1,5,4,3,1,4,6,5,2,1,5,5,5,4,5,4,5,2,2,5,5,6,3,5,3,5,3,2,4,4,2,4,5,5,4
9,c70cb95724598,Telecom,5,responsable d'équipe,23,48,0,2,2,6,Biologie,3,4,3,4,2,3,2,4,2,4,2,2,2,4,3,5,3,4,5,2,2,4,3,2,4,2,2,2,3,3,5,3,3,3,3,4,3,2,0,0,0,2,4,3,2,3,3,2,2,2
27,c710be4592d26,Services,2,Responsable des opérations,3,39,0,3,1,6,Droit,7,3,7,3,7,3,5,2,2,2,7,4,3,3,3,3,7,5,5,1,3,2,2,3,4,2,2,6,3,3,4,6,5,6,3,6,4,6,2,2,3,2,4,3,2,2,4,3,3,3
207,c73c15205d85d,PROPRETE,5,Responsable des Ressources Humaines,1,28,0,3,0,6,Master 2 Droit et Pratique des Relations de Travail,2,4,2,3,1,2,2,1,1,1,2,1,4,4,5,6,2,4,4,4,3,3,2,4,4,2,2,3,3,2,4,5,4,2,2,3,2,1,4,1,4,2,2,2,5,5,6,2,5,3
119,c7289038d5417,Santé,3,Responsable développement RH,3,34,1,3,0,6,Ingénieur Agro + Master RH,5,6,6,6,5,6,7,4,7,7,4,7,5,5,4,4,5,5,3,1,5,5,5,2,2,5,4,4,3,3,2,3,3,4,2,3,6,5,5,3,4,6,3,4,6,1,4,5,5,5
21,c70dde2042d1e,MANUTENTION,5,RESPONSABLE D'EXPLOITATION - NORMANDIE,3,38,1,3,2,5,MAINTENANCE INDUSTRIELLE,5,5,6,5,5,5,2,1,4,2,3,4,5,5,5,6,4,5,3,2,3,4,5,2,1,5,2,5,6,3,4,5,4,3,6,2,4,3,6,3,6,3,3,4,5,5,5,4,3,3
225,c73def46330a0,Service,5,Responsable equipe AMOA informatique de de gestion,10,45,1,0,2,6,gestion + droit,3,4,4,6,4,5,5,4,1,7,2,4,7,7,4,5,4,5,4,2,3,5,5,3,1,3,5,5,4,3,3,6,5,5,4,3,4,2,2,2,4,7,3,5,3,1,1,7,4,4
274,c7582441fb7ad,Administration,5,Responsable Informatique,9,33,1,3,0,6,Ecole d'ingénieur,2,3,2,4,1,1,1,1,1,1,1,1,1,1,2,2,5,5,6,2,1,3,3,5,1,2,4,6,2,1,3,2,6,2,4,4,4,1,1,1,3,4,2,5,2,1,1,5,5,5
420,c78f122046a27,agroalimentaire,5,responsable logistique,3,41,1,3,2,6,AGROALIMENTAIRE,3,3,3,3,4,4,3,2,3,3,4,3,4,3,3,3,4,4,3,1,2,3,3,3,2,2,3,4,3,6,2,6,4,5,3,2,4,2,0,0,0,3,2,3,5,2,3,4,4,3
115,c7286af73d76,Informatique,5,Responsable Markting,20,45,0,3,3,6,DEA  Economie,4,4,4,5,3,3,4,6,2,3,2,2,3,3,5,5,4,4,3,2,3,4,3,2,2,3,4,4,4,2,5,3,3,2,6,5,6,1,5,2,4,2,3,3,4,5,5,4,4,3
137,c7299f35c73e1,loisir,5,responsable opérations,33,56,0,3,0,5,Informatique - Economie,5,5,5,5,4,6,6,1,1,1,1,2,5,5,6,5,6,6,6,1,4,5,5,2,2,3,4,4,6,4,4,4,5,3,2,3,5,1,6,4,6,2,4,5,6,5,5,5,4,0
501,c81b3857eab6d,assurance,5,responsable paie et administration du personnel,20,40,0,3,0,6,assurance,2,4,3,3,2,5,2,1,1,1,2,1,3,3,3,4,5,4,4,1,4,2,2,4,1,2,4,4,4,2,4,5,5,3,3,2,5,1,1,1,2,5,2,2,5,5,4,4,4,4
147,c72b9c487ab1,industriel,3,Responsable Qualité,1,28,0,3,0,6,ingénieur mécanique,5,6,4,5,3,5,5,6,7,7,4,3,4,3,4,4,4,4,3,1,3,4,3,2,2,3,4,4,4,3,4,4,7,4,2,3,4,2,3,2,3,4,3,4,5,4,4,4,3,3
16,c70cfa2b01376,spiriteux,4,responsable recrutement et communication interne,14,37,0,3,2,5,maitrise aes,5,5,4,6,5,5,2,5,4,4,3,4,5,4,5,6,2,4,4,2,3,4,5,3,4,5,3,4,5,5,6,6,6,2,2,4,4,5,5,2,4,2,2,4,6,5,5,4,6,6
325,c76cf31752006,Industrie,4,Responsable Ressources Humaines,8,32,0,3,2,6,ESC,5,6,5,6,4,6,6,6,3,3,4,5,5,5,5,5,6,6,4,2,5,5,5,0,1,5,4,3,5,4,4,4,5,6,4,5,6,3,5,2,5,3,5,4,6,5,3,4,5,4
82,c724dc146df34,environnement,2,responsable technique,6,34,0,3,2,6,environnement,5,6,5,6,5,6,6,5,3,3,3,3,4,4,6,6,6,5,4,2,3,6,6,2,2,3,3,5,4,5,5,5,3,4,3,5,6,4,5,3,5,2,4,4,5,6,5,5,5,5
493,c8141c1d5353,Industrie,5,Responsable technique (equipe 24 pers),6,37,1,3,2,6,Ingénieur en Conception Mécanique,2,5,2,3,3,5,1,0,1,1,5,5,2,2,5,5,5,5,5,1,2,2,3,5,1,2,6,6,5,4,5,4,5,4,5,3,4,1,5,1,6,4,4,5,3,1,4,6,2,4
26,c71080511b65c,touriseme,2,responsable tourisme,1,39,0,3,1,3,BTS Tourisme,3,6,5,6,2,5,3,6,1,7,2,2,5,5,6,6,2,5,5,3,3,4,3,4,2,2,2,6,6,6,5,4,5,4,3,5,6,2,3,1,4,2,6,2,4,6,1,3,6,6
124,c728ba5d12997,NON APPLICABLE,0,SANS EMPLOI,1,33,0,1,0,6,GESTION FINANCE AUDIT,7,5,7,5,7,5,2,4,7,1,7,7,7,3,7,4,7,3,2,1,4,5,3,1,1,2,2,3,4,3,2,2,2,3,2,5,4,1,0,0,0,7,7,7,7,7,7,7,7,7
378,c780584b21b43,AVOCAT,2,SECRETAIRE,9,41,0,3,2,6,DESS GPO,2,4,5,4,4,4,1,4,1,1,1,2,4,4,4,6,5,5,4,2,3,4,4,4,2,2,2,5,6,4,4,3,3,3,3,3,6,3,5,2,5,2,2,5,5,5,3,3,2,4
253,c749ec4eeaa30,administration,2,secrétaire,12,53,0,1,0,2, ,3,6,3,6,3,6,4,6,1,6,1,7,5,5,5,5,5,5,4,2,5,5,4,3,2,4,3,6,6,5,5,6,6,4,5,6,6,6,3,2,4,4,4,4,3,2,3,4,5,5
408,c78799416e560,tourisme,2,secrétaire,4,33,0,3,0,2,employée de commerce,5,5,5,6,4,6,5,6,4,4,4,5,5,5,6,6,6,5,3,2,6,5,4,2,2,4,4,6,5,3,5,4,3,2,2,4,6,5,5,3,6,4,5,5,4,4,4,6,5,5
200,c7370c3639aef,secretariat,1,secretaire,1,0,0,3,0,0,cap,5,4,3,3,5,4,3,1,1,1,2,0,1,3,6,5,3,4,3,2,4,4,3,4,4,3,3,3,3,5,3,5,4,4,3,5,5,2,0,0,0,3,4,4,4,4,4,3,5,5
389,c782dc569734c,Mouvement patronal,1,secrétaire général,3,50,1,3,1,5,DECS,4,4,4,4,4,4,2,2,2,2,2,4,2,4,4,4,4,4,4,2,4,5,4,4,4,4,3,2,3,4,4,2,3,2,4,4,6,2,4,2,6,3,3,3,6,5,6,3,4,3
270,c751664e33880,medical,4,secrétaire medicale,1,60,0,3,0,2,secrétariat médical,5,6,6,6,6,6,6,6,5,4,5,6,6,6,6,6,6,6,2,1,6,6,6,2,1,5,6,6,6,6,6,6,5,5,6,6,5,5,5,5,6,7,6,6,6,6,2,5,5,6
130,c728f214efa66,laboratoire médicale,5,secrétaire médicale,3,34,0,3,3,3,SECRETARIAT,2,5,2,2,2,2,5,1,1,3,1,2,2,2,3,3,2,3,4,2,4,4,3,4,4,3,2,3,4,3,4,4,2,3,3,4,5,4,3,3,4,3,3,6,5,5,5,5,6,6
123,c728b54b6dff7,banque,5,support,13,36,0,3,2,6,eco,3,5,3,4,2,4,3,4,1,3,2,2,4,4,4,4,4,5,4,2,2,4,3,2,1,4,3,5,5,4,5,4,5,4,2,3,3,2,3,3,4,6,4,5,3,3,2,4,5,5
372,c77ff5483605f,Banque,5,Support fonctionnel niveau 3,1,33,1,3,0,6,Ingénieur informatique et réseaux,3,4,3,4,4,5,2,4,2,3,2,5,1,2,4,5,3,3,4,1,3,5,4,3,2,3,1,3,6,4,4,3,6,5,5,2,5,1,3,1,3,4,2,5,4,2,6,4,4,5
169,c7337d1873eb2,agroaliimentaire,3,technicien,8,32,0,3,3,3,iaa,2,5,2,5,2,5,0,1,1,1,1,1,3,3,3,4,3,3,1,1,2,3,2,2,4,2,2,2,4,2,2,2,2,1,1,2,2,1,1,1,2,4,2,2,2,1,2,2,5,4
510,c821c023ceb7c,Edition,1,technico-commercial,5,30,0,1,0,6,Nouvelles technologies de l'information,3,5,3,5,2,5,5,4,2,4,4,2,3,5,4,4,3,4,4,2,5,5,5,3,2,4,5,6,5,3,6,5,4,4,4,5,6,4,0,0,0,3,2,3,2,3,2,4,3,3
56,c723172e857c3,Télécommunications,4,Téléconseiller,2,38,1,1,0,6,informatique/ingénierie,2,1,4,4,1,1,2,1,4,2,4,2,2,1,2,1,3,2,4,4,2,2,2,5,4,2,2,4,6,3,5,5,6,4,4,2,2,6,6,3,6,2,2,2,4,2,2,2,2,2
72,c72490e0971f,social,1,thérapeute,3,35,0,3,1,4,psychologie,5,6,5,6,4,6,2,4,0,2,3,2,4,5,3,4,3,4,3,2,4,6,3,2,2,5,2,4,6,2,6,4,6,6,3,5,4,6,4,3,5,6,2,3,4,1,3,3,4,2
141,c72b3a3066232,THERAPIE ALTERNATIVE,1,THERAPEUTHE,1,35,0,3,2,4,RESSOURCES HUMAINES,5,6,6,5,6,5,6,5,5,5,5,5,6,5,5,6,5,5,4,2,6,6,6,2,2,5,5,6,5,5,5,5,5,6,5,6,5,5,5,3,4,6,4,4,4,6,4,5,5,4
121,c728b047b8236,finance,3,trader,24,48,1,3,2,3,commerce international,5,4,5,4,3,4,4,4,2,3,2,1,4,4,6,5,6,5,3,2,4,4,3,2,2,3,4,4,4,6,3,6,3,4,5,3,5,3,4,1,6,6,6,5,4,1,6,5,6,6
341,c77c672bc3c42,ADMINISTRATION,2,TRAVAILLEUR SOCIAL,10,33,0,2,1,5,DROIT,1,1,2,2,1,1,2,5,1,1,3,1,0,3,4,5,0,0,4,1,1,1,2,6,6,1,1,3,4,4,5,4,4,4,2,1,4,1,1,1,3,7,4,4,1,2,2,4,5,4
467,c7b2dc3cbcb4d,consultante pour les entreprises,2,vrp,1,30,0,0,2,3,COMMERCIALE,5,4,5,5,5,4,4,5,4,4,4,4,5,5,6,6,5,5,3,3,3,4,4,2,1,3,3,3,6,6,4,4,4,4,3,4,4,2,5,3,4,3,2,5,5,4,4,4,4,3
342,c77c9b2625b,marketing,2,WEB,1,48,0,2,1,3,Comptabilité,5,2,5,3,4,2,5,1,5,1,6,4,5,4,5,3,6,6,1,2,2,2,2,4,4,2,4,4,4,6,3,3,5,5,6,0,6,4,4,2,4,3,5,5,4,4,2,4,5,6
84,c7252418926f9,Education,3, ,7,46,1,3,3,5,Electronique,3,5,3,4,3,5,3,3,5,3,2,2,5,5,3,5,5,4,3,2,4,2,6,2,2,5,5,3,5,3,5,7,5,5,5,5,2,7,1,3,5,7,5,4,2,2,2,4,3,4
334,c772113dc3eba,herboristerie,1, ,5,45,1,3,5,6,pharma,4,5,4,5,4,5,4,6,4,4,5,1,4,5,4,4,5,4,2,1,5,4,2,1,1,5,5,4,6,5,6,6,6,6,6,6,4,6,4,2,5,6,5,5,5,4,4,6,6,2
411,c788295045c64,Pratiques somatiques,1, ,4,33,0,1,0,3,Scientifique/artistique,6,5,6,6,5,5,6,3,6,2,5,2,6,5,6,4,5,3,4,2,5,5,5,2,3,6,6,6,6,6,3,6,5,4,6,6,4,6,6,5,6,5,5,5,6,6,6,5,6,5
421,c791ff32a2577,sante,1, ,9,45,0,3,1,6,medecin,5,4,5,2,3,2,2,5,3,2,3,2,3,2,5,4,2,2,5,5,2,2,2,5,4,2,3,4,5,5,2,4,5,3,4,0,6,4,3,1,2,2,5,5,5,5,4,4,4,3
100,c72625524121, ,0, ,1,0,1,3,2,3, ,5,5,5,5,4,5,3,6,5,5,5,5,4,5,4,4,5,6,3,2,4,4,4,2,2,3,5,5,0,3,3,5,3,4,4,4,6,4,5,3,6,3,5,5,6,6,3,4,3,5
294,c768cf13e0ce7, ,0, ,1,0,0,3,2,3, ,4,6,4,6,4,6,4,3,3,3,3,3,6,6,6,6,4,6,3,1,3,4,4,2,1,3,6,2,6,6,4,5,4,5,4,4,4,2,0,0,0,1,6,6,6,6,4,6,6,6
395,c7838d57eab6c, ,1, ,21,64,1,3,0,1, ,5,5,5,4,5,4,3,5,3,3,3,3,3,4,5,4,4,5,3,3,3,2,4,4,3,3,3,4,5,5,5,4,2,3,4,3,2,4,4,3,6,4,5,6,6,6,4,5,6,6
